NTD ID,Agency Name,City,State,Primary UZA Name,UACE Code,UZA Area SQ Miles,UZA Population
00001,King County (KCM) - Metro Transit Department,Seattle,WA,"Seattle--Tacoma, WA",80389,982.52,3544011
00003,Pierce County Transportation Benefit Area Authority,Lakewood,WA,"Seattle--Tacoma, WA",80389,982.52,3544011
00005,City of Everett (ET),Everett,WA,"Seattle--Tacoma, WA",80389,982.52,3544011
00023,City of Seattle (SMS),Seattle,WA,"Seattle--Tacoma, WA",80389,982.52,3544011
00028,County of Pierce,Tacoma,WA,"Seattle--Tacoma, WA",80389,982.52,3544011
00029,Snohomish County Public Transportation Benefit Area Corporation (CT),Everett,WA,"Seattle--Tacoma, WA",80389,982.52,3544011
00035,Washington State Ferries (WSF),Olympia,WA,"Seattle--Tacoma, WA",80389,982.52,3544011
00040,Central Puget Sound Regional Transit Authority (ST),Seattle,WA,"Seattle--Tacoma, WA",80389,982.52,3544011
00002,Spokane Transit Authority (STA),Spokane,WA,"Spokane, WA",83764,171.67,447279
00006,City of Yakima (YT),Yakima,WA,"Yakima, WA",97507,55.77,133145
00007,Lane Transit District (LTD),Eugene,OR,"Eugene, OR",28117,73.49,270179
00008,Tri-County Metropolitan Transportation District of Oregon,Portland,OR,"Portland, OR--WA",71317,519.3,2104238
00024,Clark County Public Transportation Benefit Area Authority,Vancouver,WA,"Portland, OR--WA",71317,519.3,2104238
00046,City of Wilsonville (SMART),Wilsonville,OR,"Portland, OR--WA",71317,519.3,2104238
00058,City of Portland (PBOT) - Bureau of Transportation,Portland,OR,"Portland, OR--WA",71317,519.3,2104238
00376,"Ride Connection, Inc.",Portland,OR,"Portland, OR--WA",71317,519.3,2104238
00011,Valley Regional Transit (VRT),Meridian,ID,"Boise City, ID",08785,139.23,433180
00415,Ada County Highway District (ACHD CR),Boise,ID,"Boise City, ID",08785,139.23,433180
00012,Municipality of Anchorage - Public Transportation,Anchorage,AK,"Anchorage, AK",02305,91.69,249252
00041,Alaska Railroad Corporation (ARRC),Anchorage,AK,"Anchorage, AK",02305,91.69,249252
00016,City of Longview (RCT) - Transit Division,Longview,WA,"Longview, WA--OR",51283,35.19,69841
00018,Ben Franklin Transit (BFT),Richland,WA,"Kennewick--Richland--Pasco, WA",44479,112.21,255401
00019,Intercity Transit (I.T.),Olympia,WA,"Olympia--Lacey, WA",65242,106.21,208157
00020,Kitsap County Public Transportation Benefit Area Authority (KT ),Bremerton,WA,"Bremerton, WA",09946,146.91,224449
00021,Whatcom Transportation Authority (WTA),Bellingham,WA,"Bellingham, WA",06652,50.13,128979
00025,Salem Area Mass Transit District (SAMTD or SKT),Salem,OR,"Salem, OR",78229,72.68,268331
00034,Rogue Valley Transportation District (RVTD),Medford,OR,"Medford, OR",55981,63.02,171640
00043,Chelan Douglas PTBA ,Wenatchee,WA,"Wenatchee, WA",93862,32.6,78142
00044,Skagit Transit (SKT),Burlington,WA,"Mount Vernon, WA",60490,30.66,66825
00057,Central Oregon Intergovernmental Council (CET) - Cascades East Transit,Bend,OR,"Bend, OR",06868,42.41,106988
10001,Rhode Island Public Transit Authority (RIPTA),Providence,RI,"Providence, RI--MA",72505,544.25,1285806
10064,Greater Attleboro-Taunton Regional Transit Authority (GATRA),Taunton,MA,"Providence, RI--MA",72505,544.25,1285806
11147,Rhode Island Department of Transportation (RIDOT),Providence,RI,"Providence, RI--MA",72505,544.25,1285806
10003,Massachusetts Bay Transportation Authority (MBTA) - Treasurer Controller,Boston,MA,"Boston, MA--NH",09271,1655.89,4382009
10004,Brockton Area Transit Authority (BAT),Brockton,MA,"Boston, MA--NH",09271,1655.89,4382009
10005,Lowell Regional Transit Authority (LRTA),Lowell,MA,"Boston, MA--NH",09271,1655.89,4382009
10013,Merrimack Valley Regional Transit Authority (MEVA),Haverhill,MA,"Boston, MA--NH",09271,1655.89,4382009
10053,Cape Ann Transportation Authority (CATA),Gloucester,MA,"Boston, MA--NH",09271,1655.89,4382009
10118,MetroWest Regional Transit Authority (MWRTA),Framingham,MA,"Boston, MA--NH",09271,1655.89,4382009
10006,Southeastern Regional Transit Authority (SRTA),New Bedford,MA,"New Bedford, MA",61786,59.31,155491
10007,Berkshire Regional Transit Authority (BRTA),Pittsfield,MA,"Pittsfield, MA",69778,30.46,50720
10008,Pioneer Valley Transit Authority (PVTA),Springfield,MA,"Springfield, MA--CT",83926,201.77,442145
10014,Worcester Regional Transit Authority (WRTA),Worcester,MA,"Worcester, MA--CT",97291,260.29,482085
10016,Greater Portland Transit District (GPTD),Portland,ME,"Portland, ME",71263,123.88,205356
10088,Casco Bay Island Transit District (CBITD),Portland,ME,"Portland, ME",71263,123.88,205356
10115,Northern New England Passenger Rail Authority (NNEPRA),Portland,ME,"Portland, ME",71263,123.88,205356
10017,Greater Hartford Transit District (GHTD),Hartford,CT,"Hartford, CT",37243,535.93,977158
10045,Connecticut Department of Transportation - CTTransit New Britain -Dattco. (CDOT CTTransit DATTCO) - CTTransit New Britain,New Britain,CT,"Hartford, CT",37243,535.93,977158
10048,Connecticut Department of Transportation - CTTRANSIT - Hartford Division - Hartford,Hartford,CT,"Hartford, CT",37243,535.93,977158
10102,Connecticut Department of Transportation (CDOT),Newington,CT,"Hartford, CT",37243,535.93,977158
10130,Connecticut Department of Transportation -CTTRANSIT New Britain - New Britain,Berlin,CT,"Hartford, CT",37243,535.93,977158
10040,Southeast Area Transit District (SEAT),Preston,CT,"Norwich--New London, CT",64135,116.72,167432
10042,Valley Transit District (VTD),Derby,CT,"Bridgeport--Stamford, CT--NY",10162,397.29,916408
10050,Greater Bridgeport Transit Authority (GBT),Bridgeport,CT,"Bridgeport--Stamford, CT--NY",10162,397.29,916408
10056,Connecticut Department of Transportation - CTTRANSIT Stamford Division - Stamford,Hartford,CT,"Bridgeport--Stamford, CT--NY",10162,397.29,916408
10057,Norwalk Transit District,Norwalk,CT,"Bridgeport--Stamford, CT--NY",10162,397.29,916408
10107,Milford Transit District (MTD),Milford,CT,"Bridgeport--Stamford, CT--NY",10162,397.29,916408
10049,Greater New Haven Transit District (GNHTD),Hamden,CT,"New Haven, CT",62407,298.01,561456
10055,Connecticut Department of Transportation - CTTRANSIT New Haven Division - New Haven,Hartford,CT,"New Haven, CT",62407,298.01,561456
10051,Housatonic Area Regional Transit ,Danbury,CT,"Danbury, CT--NY",22096,118.49,171680
10061,Montachusett Regional Transit Authority (MART),Fitchburg,MA,"Leominster--Fitchburg, MA",49096,52.93,111790
10066,Green Mountain Transit Authority (GMT),Burlington,VT,"Burlington, VT",11755,62.01,118032
10086,Cooperative Alliance for Seacoast Transportation (COAST),Dover,NH,"Dover--Rochester, NH--ME",24607,52.31,72391
10087,City of Nashua (NTS) - Transportation Department,Nashua,NH,"Nashua, NH--MA",61165,195.56,242984
10098,"Western Maine Transportation Services, Inc. (WMTS) - Transportation",Auburn,ME,"Lewiston, ME",49339,31.42,60743
10105,Cape Cod Regional Transit Authority (CCRTA),Hyannis,MA,"Barnstable Town, MA",05167,341.28,303269
10183,"Woods Hole, Martha's Vineyard and Nantucket Steamship Authority",Falmouth,MA,"Barnstable Town, MA",05167,341.28,303269
11239,"Hyannis Harbor Tours, Inc. ",Hyannis,MA,"Barnstable Town, MA",05167,341.28,303269
10128,Connecticut Department of Transportation- CTTransit Waterbury- NET (NET) - Waterbury - NET,Watertown,CT,"Waterbury, CT",92485,92.44,199317
20003,Broome County (BCDPT) - Department of Public Transportation,Binghamton,NY,"Binghamton, NY",07732,69.73,155942
20004,Niagara Frontier Transportation Authority (NFTA),Buffalo,NY,"Buffalo, NY",11350,340.5,948864
20006,City of Long Beach - Transportation ,Long Beach,NY,"New York--Jersey City--Newark, NY--NJ",63217,3248.12,19426449
20008,MTA New York City Transit (NYCT),Brooklyn,NY,"New York--Jersey City--Newark, NY--NJ",63217,3248.12,19426449
20071,Town of Huntington (HART) - Transportation and Traffic Safety,Huntington,NY,"New York--Jersey City--Newark, NY--NJ",63217,3248.12,19426449
20072,Suffolk County (SCT) - Public Works,Yaphank,NY,"New York--Jersey City--Newark, NY--NJ",63217,3248.12,19426449
20076,Westchester County - Department of Public Works and Transportation,White Plains,NY,"New York--Jersey City--Newark, NY--NJ",63217,3248.12,19426449
20078,"Metro-North Commuter Railroad Company, dba: MTA Metro-North Railroad (MTA-MNCR)",New York,NY,"New York--Jersey City--Newark, NY--NJ",63217,3248.12,19426449
20080,New Jersey Transit Corporation (NJ TRANSIT),Newark,NJ,"New York--Jersey City--Newark, NY--NJ",63217,3248.12,19426449
20082,New York City Department of Transportation (NYCDOT),New York,NY,"New York--Jersey City--Newark, NY--NJ",63217,3248.12,19426449
20084,County of Rockland (TOR) - Public Transportation - Transport of Rockland,New City,NY,"New York--Jersey City--Newark, NY--NJ",63217,3248.12,19426449
20096,"Putnam County (PART) - Planning, Development & Public Transportation ",Carmel,NY,"New York--Jersey City--Newark, NY--NJ",63217,3248.12,19426449
20098,Port Authority Trans-Hudson Corporation (PATH),New York,NY,"New York--Jersey City--Newark, NY--NJ",63217,3248.12,19426449
20099,Staten Island Rapid Transit Operating Authority (SIRTOA),Staten Island,NY,"New York--Jersey City--Newark, NY--NJ",63217,3248.12,19426449
20100,MTA Long Island Rail Road (MTA LIRR),New York,NY,"New York--Jersey City--Newark, NY--NJ",63217,3248.12,19426449
20122,"Academy Lines, Inc.",Hoboken,NJ,"New York--Jersey City--Newark, NY--NJ",63217,3248.12,19426449
20126,"Hudson Transit Lines, Inc.",Mahwah,NJ,"New York--Jersey City--Newark, NY--NJ",63217,3248.12,19426449
20128,Suburban Transit Corporation,New Brunswick,NJ,"New York--Jersey City--Newark, NY--NJ",63217,3248.12,19426449
20135,Monsey New Square Trails Corporation,Spring Valley,NY,"New York--Jersey City--Newark, NY--NJ",63217,3248.12,19426449
20149,"Rockland Coaches, Inc.",Paramus,NJ,"New York--Jersey City--Newark, NY--NJ",63217,3248.12,19426449
20163,"Lakeland Bus Lines, Inc.",Dover,NJ,"New York--Jersey City--Newark, NY--NJ",63217,3248.12,19426449
20166,"Orange-Newark-Elizabeth, Inc. (ONE Bus)",Elizabeth,NJ,"New York--Jersey City--Newark, NY--NJ",63217,3248.12,19426449
20169,"Trans-Bridge Lines, Inc. ",Bethlehem,PA,"New York--Jersey City--Newark, NY--NJ",63217,3248.12,19426449
20175,Private Transportation Corporation,Brooklyn,NY,"New York--Jersey City--Newark, NY--NJ",63217,3248.12,19426449
20177,"Adirondack Transit Lines, Inc.",Hurley,NY,"New York--Jersey City--Newark, NY--NJ",63217,3248.12,19426449
20188,MTA Bus Company (MTABUS),New York,NY,"New York--Jersey City--Newark, NY--NJ",63217,3248.12,19426449
20190,Port Imperial Ferry Corporation,Weehawken,NJ,"New York--Jersey City--Newark, NY--NJ",63217,3248.12,19426449
20192,Bergen County (BCCT) - Public Works,Hackensack,NJ,"New York--Jersey City--Newark, NY--NJ",63217,3248.12,19426449
20206,County of Nassau (NICE) - Nassau County Department of Public Works,Mineola,NY,"New York--Jersey City--Newark, NY--NJ",63217,3248.12,19426449
20209,Somerset County (SCT) - Transportation,Somerville,NJ,"New York--Jersey City--Newark, NY--NJ",63217,3248.12,19426449
20217,"Hampton Jitney, Inc.",Calverton,NY,"New York--Jersey City--Newark, NY--NJ",63217,3248.12,19426449
20226,"SeaStreak, LLC",Atlantic Highlands,NJ,"New York--Jersey City--Newark, NY--NJ",63217,3248.12,19426449
22930,New York City Economic Development Corporation (NYCEDC) - NYC Ferry,New York,NY,"New York--Jersey City--Newark, NY--NJ",63217,3248.12,19426449
20010,Dutchess County - Public Transit Division/Department of Public Works,Poughkeepsie,NY,"Poughkeepsie--Newburgh, NY",71803,209.92,314766
20178,Ulster County (UCAT) - Ulster County Area Transit,Kingston,NY,"Poughkeepsie--Newburgh, NY",71803,209.92,314766
20018,Central New York Regional Transportation Authority (CNYRTA),Syracuse,NY,"Syracuse, NY",86302,180.53,413660
20075,Port Authority Transit Corporation (PATCO),Camden,NJ,"Philadelphia, PA--NJ--DE--MD",69076,1898.19,5696125
20204,"Senior Citizens United Community Services of Camden County, Inc. (SCUCS)",Audubon,NJ,"Philadelphia, PA--NJ--DE--MD",69076,1898.19,5696125
30019,Southeastern Pennsylvania Transportation Authority (SEPTA),Philadelphia,PA,"Philadelphia, PA--NJ--DE--MD",69076,1898.19,5696125
30057,Pennsylvania Department of Transportation (PENNDOT),Harrisburg,PA,"Philadelphia, PA--NJ--DE--MD",69076,1898.19,5696125
30075,Delaware Transit Corporation (DTC),Dover,DE,"Philadelphia, PA--NJ--DE--MD",69076,1898.19,5696125
30077,Borough of Pottstown (PART) - Transit,Pottstown,PA,"Philadelphia, PA--NJ--DE--MD",69076,1898.19,5696125
20113,Regional Transit Service (RTS) - Monroe County,Rochester,NY,"Rochester, NY",75664,291.83,704327
20145,Tompkins Consolidated Area Transit (TCAT),Ithaca,NY,"Ithaca, NY",41914,24.56,59102
30001,Kanawha Valley Regional Transportation Authority (KVRTA),Charleston,WV,"Charleston, WV",15481,92.92,140958
30002,The Tri-State Transit Authority (TTA),Huntington,WV,"Huntington, WV--KY--OH",40753,128.87,200157
30006,Greater Richmond Transit Company (GRTC),Richmond,VA,"Richmond, VA",74746,512.35,1059150
30007,Greater Roanoke Transit Company (GRTC),Roanoke,VA,"Roanoke, VA",75421,125.5,217312
30008,Greater Lynchburg Transit Company (GLTC),Lynchburg,VA,"Lynchburg, VA",52201,91.6,125596
30010,Lehigh and Northampton Transportation Authority (LANTA),Allentown,PA,"Allentown--Bethlehem, PA--NJ",01495,261.55,621703
30011,Altoona Metro Transit,Altoona,PA,"Altoona, PA",01792,37.01,74426
30012,Cambria County Transit Authority,Johnstown,PA,"Johnstown, PA",43291,34.7,61521
30013,Erie Metropolitan Transit Authority (EMTA),Erie,PA,"Erie, PA",27766,73.34,187820
30015,Luzerne County Transportation Authority (LCTA),Kingston,PA,"Scranton, PA",80227,162.16,366713
30025,County of Lackawanna Transit System (COLTS),Scranton,PA,"Scranton, PA",80227,162.16,366713
30022,Pittsburgh Regional Transit (PRT),Pittsburgh,PA,"Pittsburgh, PA",69697,906.64,1745039
30023,Beaver County Transit Authority (BCTA),Rochester,PA,"Pittsburgh, PA",69697,906.64,1745039
30044,Westmoreland County Transit Authority (WCTA),Greensburg,PA,"Pittsburgh, PA",69697,906.64,1745039
30061,Mid Mon Valley Transit Authority (MMVTA),Charleroi,PA,"Pittsburgh, PA",69697,906.64,1745039
30078,Southwestern Pennsylvania Commission (SPC),Pittsburgh,PA,"Pittsburgh, PA",69697,906.64,1745039
30111,Washington County Transportation Authority,Washington,PA,"Pittsburgh, PA",69697,906.64,1745039
30026,River Valley Transit Authority (RVTA),Williamsport,PA,"Williamsport, PA",95455,27.72,55344
30030,Washington Metropolitan Area Transit Authority (WMATA),Washington,DC,"Washington--Arlington, DC--VA--MD",92242,1294.51,5174759
30051,"Montgomery County, Maryland (MCDOT) - Transportation",Rockville,MD,"Washington--Arlington, DC--VA--MD",92242,1294.51,5174759
30058,City of Fairfax (CUE) - Transportation Division in the Public Works Department,Fairfax,VA,"Washington--Arlington, DC--VA--MD",92242,1294.51,5174759
30068,"Fairfax County, VA - Transportation",Fairfax,VA,"Washington--Arlington, DC--VA--MD",92242,1294.51,5174759
30070,Potomac and Rappahannock Transportation Commission (PRTC),Woodbridge,VA,"Washington--Arlington, DC--VA--MD",92242,1294.51,5174759
30071,City of Alexandria - Department of Transportation and Environmental Services/Transportation Branch,Alexandria,VA,"Washington--Arlington, DC--VA--MD",92242,1294.51,5174759
30073,Virginia Railway Express (VRE),Alexandria,VA,"Washington--Arlington, DC--VA--MD",92242,1294.51,5174759
30080,"Arlington County, Virginia (ART) - Department of Environmental Services",Arlington,VA,"Washington--Arlington, DC--VA--MD",92242,1294.51,5174759
30081,Loudoun County - Transit Division - Department of General Services,Leesburg,VA,"Washington--Arlington, DC--VA--MD",92242,1294.51,5174759
30085,"Prince George's County, Maryland - Department of Public Works and Transportation - Office of Transportation",Upper Marlboro,MD,"Washington--Arlington, DC--VA--MD",92242,1294.51,5174759
30112,District Department of Transportation (DDOT) - Transit Delivery Division,Washington,DC,"Washington--Arlington, DC--VA--MD",92242,1294.51,5174759
30034,Maryland Transit Administration (MTA),Baltimore,MD,"Baltimore, MD",04843,654.93,2212038
30129,Anne Arundel County - Office of Transportation,Annapolis,MD,"Baltimore, MD",04843,654.93,2212038
30201,City of Baltimore (CCC) - Department of Transportation,Baltimore,MD,"Baltimore, MD",04843,654.93,2212038
30205,"Transit Management of Central Maryland, Inc. (RTA)",Annapolis Junction,MD,"Baltimore, MD",04843,654.93,2212038
30035,Ohio Valley Regional Transportation Authority (OVRTA / EORTA),Wheeling,WV,"Wheeling, WV--OH",94726,36.81,57695
30045,"JAUNT, Inc.",Charlottesville,VA,"Charlottesville, VA",15724,36.87,104191
30054,Centre Area Transportation Authority (CATA),State College,PA,"State College, PA",84493,25.92,83674
30072,"Frederick County, Maryland - Transit Services",Frederick,MD,"Frederick, MD",31519,80.29,176456
30083,Transportation District Commission of Hampton Roads (HRT),Hampton,VA,"Virginia Beach--Norfolk, VA",90892,481.67,1451578
30091,Town of Blacksburg (BT) - Transit,Blacksburg,VA,"Blacksburg--Christiansburg, VA",08002,33.98,72400
30094,City of Harrisonburg (HDPT) - Department of Public Transportation,Harrisonburg,VA,"Harrisonburg, VA",37162,31.1,73377
30095,County of Lebanon Transit Authority (LT),Lebanon,PA,"Lebanon, PA",48664,32.71,75485
30096,The Tri-County Council for the Lower Eastern Shore of Maryland - Shore Transit,Salisbury,MD,"Salisbury, MD--DE",78364,48.39,78075
30107,West Virginia University - Transportation,Morgantown,WV,"Morgantown, WV",59275,40.7,77620
30202,South Central Transit Authority (SCTA),Lancaster,PA,"Lancaster--Manheim, PA",47530,181.53,394530
40001,Chattanooga Area Regional Transportation Authority (CARTA),Chattanooga,TN,"Chattanooga, TN--GA",15832,291.7,398569
40002,City of Knoxville (KAT) - Mass Transit,Knoxville,TN,"Knoxville, TN",45640,431.91,597257
40171,Knoxville-Knox County Community Action Committee (KCCT) - CAC Transit,Knoxville,TN,"Knoxville, TN",45640,431.91,597257
40003,City of Memphis (MATA),Memphis,TN,"Memphis, TN--MS--AR",56116,491.27,1056190
40004,Metropolitan Transit Authority (MTA),Madison,TN,"Nashville-Davidson, TN",61273,584.95,1158642
40159,Regional Transportation Authority (RTA),Madison,TN,"Nashville-Davidson, TN",61273,584.95,1158642
40178,The Transportation Management Association Group (TMA) - Vanpool,Franklin,TN,"Nashville-Davidson, TN",61273,584.95,1158642
40005,City of Asheville (ART) - Asheville Rides Transit (ART) Transit Division / Department of City,Asheville,NC,"Asheville, NC",03358,248.58,285776
40224,Buncombe County - Community Development Division / Planning and Development Department,Asheville,NC,"Asheville, NC",03358,248.58,285776
40006,Cape Fear Public Transportation Authority,Wilmington,NC,"Wilmington, NC",95833,142.25,255329
40007,City of Raleigh - Transit,Raleigh,NC,"Raleigh, NC",73261,554.82,1106646
40147,North Carolina State University (NCSU) - Transportation,Raleigh,NC,"Raleigh, NC",73261,554.82,1106646
40222,Wake County - Wake County Health & Human Services,Raleigh,NC,"Raleigh, NC",73261,554.82,1106646
40008,City of Charlotte North Carolina (CATS) - Charlotte Area Transit System,Charlotte,NC,"Charlotte, NC--SC",15670,657.61,1379873
40228,Mecklenburg County (MCTS) - Services for Adults,Charlotte,NC,"Charlotte, NC--SC",15670,657.61,1379873
40009,City of Fayetteville (FAST) - Transit,Fayetteville,NC,"Fayetteville, NC",29440,195.92,325008
40012,City of Winston Salem (WSTA) - Department of Transportation,Winston Salem,NC,"Winston-Salem, NC",96670,310.79,420924
40014,Ms Coast Transportation Authority (CTA),Gulfport,MS,"Gulfport--Biloxi, MS",35920,168.64,236344
40015,"City of Jackson, MS (JTRAN) - Planning/Transit Services",Jackson,MS,"Jackson, MS",42211,237.16,347693
40017,Lexington Transit Authority,Lexington,KY,"Lexington-Fayette, KY",49582,83.99,315631
40019,Transit Authority of Northern Kentucky (TANK),Covington,KY,"Cincinnati, OH--KY",16885,752.28,1686744
50012,Southwest Ohio Regional Transit Authority (SORTA),Cincinnati,OH,"Cincinnati, OH--KY",16885,752.28,1686744
50157,Butler County Regional Transit Authority (BCRTA),Hamilton,OH,"Cincinnati, OH--KY",16885,752.28,1686744
50166,"Clermont County, Ohio (CTC) - Board of Clermont County Commissioners",Batavia,OH,"Cincinnati, OH--KY",16885,752.28,1686744
55311,City of Cincinnati - Department of Transportation and Engineering,Cincinnati,OH,"Cincinnati, OH--KY",16885,752.28,1686744
40021,City of Albany (ATS) - Albany Transit Department ,Albany,GA,"Albany, GA",00901,66.51,85960
40022,Metropolitan Atlanta Rapid Transit Authority (MARTA),Atlanta,GA,"Atlanta, GA",03817,2553.04,5100112
40078,Cobb County - Transit Division,Marietta,GA,"Atlanta, GA",03817,2553.04,5100112
40082,County of Douglas - Department of Transportation,Douglasville,GA,"Atlanta, GA",03817,2553.04,5100112
40138,Gwinnett County Board of Commissioners - Department of Transportation,Lawrenceville,GA,"Atlanta, GA",03817,2553.04,5100112
42000,Atlanta-Region Transit Link Authority (ATL),Atlanta,GA,"Atlanta, GA",03817,2553.04,5100112
40023,Augusta Richmond County Transit Department (AT) - Transit,Augusta,GA,"Augusta-Richmond County, GA--SC",04222,273.29,431480
40025,Chatham Area Transit Authority (CAT),Savannah,GA,"Savannah, GA",79768,205.85,309466
40027,Pinellas Suncoast Transit Authority (PSTA),Saint Petersburg,FL,"Tampa--St. Petersburg, FL",86599,968.94,2783045
40041,Hillsborough Area Regional Transit Authority (HART),Tampa,FL,"Tampa--St. Petersburg, FL",86599,968.94,2783045
40074,Pasco County Board of County Commissioners - Pasco County Public Transportation,New Port Richey,FL,"Tampa--St. Petersburg, FL",86599,968.94,2783045
40200,Tampa Bay Area Regional Transit Authority (TBARTA),Tampa,FL,"Tampa--St. Petersburg, FL",86599,968.94,2783045
40028,Lee County - Public Transportation,Fort Myers,FL,"Cape Coral, FL",13510,331.8,599242
40029,Broward County Board of County Commissioners (BCT),Fort Lauderdale,FL,"Miami--Fort Lauderdale, FL",56602,1244.18,6077522
40034,County of Miami-Dade (DTPW) - Transportation & Public Works,Miami,FL,"Miami--Fort Lauderdale, FL",56602,1244.18,6077522
40037,"Board of County Commissioners, Palm Beach County",West Palm Beach,FL,"Miami--Fort Lauderdale, FL",56602,1244.18,6077522
40077,South Florida Regional Transportation Authority (SFRTA),Pompano Beach,FL,"Miami--Fort Lauderdale, FL",56602,1244.18,6077522
44929,City of Fort Lauderdale (TAM) - Transportation and Mobility,Fort Lauderdale,FL,"Miami--Fort Lauderdale, FL",56602,1244.18,6077522
40030,"City of Gainesville, FL (RTS) - Regional Transit System",Gainesville,FL,"Gainesville, FL",32167,87.7,213748
40031,Lakeland Area Mass Transit District ,Lakeland,FL,"Lakeland, FL",46828,145.93,277915
40035,Central Florida Regional Transportation Authority (LYNX),Orlando,FL,"Orlando, FL",65863,644.61,1853896
40232,Central Florida Commuter Rail,Tallahassee,FL,"Orlando, FL",65863,644.61,1853896
40036,City of Tallahassee - StarMetro,Tallahassee,FL,"Tallahassee, FL",86464,125.46,252934
40038,"Escambia County Board of County Commissioners, FL (ECAT)",Pensacola,FL,"Pensacola, FL--AL",68482,262.54,390172
40040,Jacksonville Transportation Authority (JTA),Jacksonville,FL,"Jacksonville, FL",42346,573.27,1247374
40042,Birmingham-Jefferson County Transit Authority (MAX),Birmingham,AL,"Birmingham, AL",07786,509.27,774956
40169,Regional Planning Commission of Greater Birmingham (RPCGB) - Planning,Birmingham,AL,"Birmingham, AL",07786,509.27,774956
40043,City of Mobile (WTS),Mobile,AL,"Mobile, AL",57925,220.75,321907
40044,City of Montgomery - Montgomery Transit,Montgomery,AL,"Montgomery, AL",58600,145.1,254348
40047,Athens-Clarke County Unified Government (ACCTD) - Transit Department,Athens,GA,"Athens-Clarke County, GA",03763,91.85,143213
40180,University of Georgia (UGA) - Transportation and Parking Services Department.,Athens,GA,"Athens-Clarke County, GA",03763,91.85,143213
40051,Town of Chapel Hill - Transit,Chapel Hill,NC,"Durham, NC",25228,183.36,396118
40087,City of Durham - Transportation Department,Durham,NC,"Durham, NC",25228,183.36,396118
40108,Research Triangle Regional Public Transportation Authority,Durham,NC,"Durham, NC",25228,183.36,396118
40053,Greenville Transit Authority (GTA),Greenville,SC,"Greenville, SC",35461,262.17,387271
40057,Jackson Transit Authority (JTA),Jackson,TN,"Jackson, TN",42265,47.74,72809
40058,City of Rome (RTD) - Transit Department,Rome,GA,"Rome, GA",76204,44.89,60403
40063,Brevard Board of County Commissioners (SCAT),Titusville,FL,"Palm Bay--Melbourne, FL",67105,250.55,510675
40071,"City of Huntsville, Alabama - Public Transit",Huntsville,AL,"Huntsville, AL",40780,214.77,329066
40086,Metropolitan Bus Authority (MBA),San Juan,PR,"San Juan, PR",79093,763.6,1844410
40094,Alternativa de Transporte Integrado (PRHTA),San Juan,PR,"San Juan, PR",79093,763.6,1844410
40105,Puerto Rico Highway and Transportation Authority – Público (PRHTA) - Publico,San Juan,PR,"San Juan, PR",79093,763.6,1844410
40175,Puerto Rico Maritime Transport Authority (PRMTA),San Juan,PR,"San Juan, PR",79093,763.6,1844410
40093,City of Greensboro (GTA) - Transit,Greensboro,NC,"Greensboro, NC",35164,169.31,338928
40173,Piedmont Authority for Regional Transportation (PART),Greensboro,NC,"Greensboro, NC",35164,169.31,338928
40100,Santee Wateree Regional Transportation Authority (SWRTA),Sumter,SC,"Sumter, SC",85708,57.65,68825
40110,Charleston Area Regional Transportation Authority (CARTA),North Charleston,SC,"Charleston, SC",15508,339.06,684773
40140,Collier County (CAT) - Public Transit & Neighborhood Enhancement Divsion / Transportation Management Services Department,Naples,FL,"Bonita Springs--Estero, FL",08974,242.96,425675
40141,Central Midlands Regional Transportation Authority (CMRTA),Columbia,SC,"Columbia, SC",18964,367.5,590407
40158,Lake County Board of County Commissioners (LCBOCC) - Office of Transit Services,Tavares,FL,"Leesburg--Eustis--Tavares, FL",48799,86.09,151523
40172,Western Piedmont Regional Transit Authority (WPRTA),Conover,NC,"Hickory, NC",38647,221.34,201511
40192,"Martin County (MCBOCC) - Public Works Department, Transit Division",Stuart,FL,"Port St. Lucie, FL",71479,224.23,437745
41199,Board of County Commissioners of St. Lucie County (SLCART) - Transit Department,Fort Pierce,FL,"Port St. Lucie, FL",71479,224.23,437745
40244,"Spartanburg Regional Health Services, Inc. (SRHS)",Spartanburg,SC,"Spartanburg, SC",83548,181.0,196943
40265,North Central Alabama Regional Council of Governments (NARCOG) - Transportation,Decatur,AL,"Decatur, AL",22690,43.47,60458
40950,First Tennessee Human Resource Agency (N.E.T. Trans) - Grants and Compliance Manager at NetTrans,Johnson City,TN,"Johnson City, TN",43210,106.03,128519
41105,"Audubon Area Community Services, Inc. (AACS) - Transportation",Owensboro,KY,"Owensboro, KY",66484,36.4,76433
50001,City of Appleton - Valley Transit,Appleton,WI,"Appleton, WI",02764,107.78,230967
50002,City of Green Bay (GBM) - Transit,Green Bay,WI,"Green Bay, WI",34813,113.66,224156
50003,City of Kenosha (KAT) - Transit,Kenosha,WI,"Kenosha, WI",44506,56.17,125865
50004,City of La Crosse (MTU) - Municipal Transit Utility,La Crosse,WI,"La Crosse, WI--MN",45910,42.24,98872
50005,City of Madison - Metro Transit,Madison,WI,"Madison, WI",53200,149.7,450305
50006,"City of Racine, Wisconsin - Transit",Racine,WI,"Racine, WI",73153,52.26,134877
50008,Milwaukee County (MCTS) - Transportation - Transit,Milwaukee,WI,"Milwaukee, WI",57466,463.68,1306795
50096,City of Waukesha - Transit Commission,Waukesha,WI,"Milwaukee, WI",57466,463.68,1306795
50160,County of Washington - Transit,West Bend,WI,"Milwaukee, WI",57466,463.68,1306795
50161,Ozaukee County (OCTS) - Transit ,Port Washington,WI,"Milwaukee, WI",57466,463.68,1306795
55312,City of Milwaukee (MSS) - Operations / Public Works,Milwaukee,WI,"Milwaukee, WI",57466,463.68,1306795
50010,METRO Regional Transit Authority (METRO),Akron,OH,"Akron, OH",00766,300.64,541879
50021,Portage Area Regional Transportation Authority (PARTA),Kent,OH,"Akron, OH",00766,300.64,541879
50011,Stark Area Regional Transit Authority (SARTA),Canton,OH,"Canton, OH",13375,180.19,295319
50015,The Greater Cleveland Regional Transit Authority (GCRTA),Cleveland,OH,"Cleveland, OH",17668,713.81,1712178
50117,Laketran,Painesville,OH,"Cleveland, OH",17668,713.81,1712178
50198,Medina County (MCPT) - Medina County Public Transit,Medina,OH,"Cleveland, OH",17668,713.81,1712178
50016,Central Ohio Transit Authority (COTA),Columbus,OH,"Columbus, OH",19234,516.16,1567254
50191,Mid-Ohio Regional Planning Commission (MORPC) - Programming Department,Columbus,OH,"Columbus, OH",19234,516.16,1567254
50199,Delaware County Transit Board (DCT),Delaware,OH,"Columbus, OH",19234,516.16,1567254
50017,Greater Dayton Regional Transit Authority (GDRTA),Dayton,OH,"Dayton, OH",22528,319.89,674046
50165,Greene County Transit Board (Greene CATS),Xenia,OH,"Dayton, OH",22528,319.89,674046
50169,"Miami County, Ohio (MCPT)",Troy,OH,"Dayton, OH",22528,319.89,674046
50022,Toledo Area Regional Transit Authority (TARTA),Toledo,OH,"Toledo, OH--MI",87868,240.71,497952
50024,Western Reserve Transit Authority (WRTA),Youngstown,OH,"Youngstown, OH",97831,195.96,320901
50025,Duluth Transit Authority (DTA),Duluth,MN,"Duluth, MN--WI",24850,66.87,119411
50026,City of Moorhead - Mass Transit,Moorhead,MN,"Fargo, ND--MN",29089,77.73,216214
80003,City of Fargo (MATBUS) - Transit Department,Fargo,ND,"Fargo, ND--MN",29089,77.73,216214
50027,Metro Transit ,Minneapolis,MN,"Minneapolis--St. Paul, MN",57628,1014.79,2914866
50154,Metropolitan Council (MC) - Metropolitan Transportation Services,Minneapolis,MN,"Minneapolis--St. Paul, MN",57628,1014.79,2914866
50515,University of Minnesota (UMN) - Parking and Transportation Services,Minneapolis,MN,"Minneapolis--St. Paul, MN",57628,1014.79,2914866
50516,City of Plymouth - Public Works - Transit,Minneapolis,MN,"Minneapolis--St. Paul, MN",57628,1014.79,2914866
50517,City of Maple Grove (MGT) - Engineering Department,Maple Grove,MN,"Minneapolis--St. Paul, MN",57628,1014.79,2914866
50518,SouthWest Transit (SWT),Eden Prairie,MN,"Minneapolis--St. Paul, MN",57628,1014.79,2914866
50519,Minnesota Valley Transit Authority (MVTA),Burnsville,MN,"Minneapolis--St. Paul, MN",57628,1014.79,2914866
50028,St. Cloud Metropolitan Transit Commission,Saint Cloud,MN,"St. Cloud, MN",77338,53.97,117638
50029,Bay Metropolitan Transit Authority (BMTA),Bay City,MI,"Bay City, MI",05869,39.93,68472
50031,Suburban Mobility Authority for Regional Transportation (SMART),Detroit,MI,"Detroit, MI",23824,1284.83,3776890
50119,City of Detroit (DDOT) - Transportation,Detroit,MI,"Detroit, MI",23824,1284.83,3776890
50141,Detroit Transportation Corporation (DTC),Detroit,MI,"Detroit, MI",23824,1284.83,3776890
50193,Michigan Department of Transportation,Lansing,MI,"Detroit, MI",23824,1284.83,3776890
50213,M-1 Rail,Detroit,MI,"Detroit, MI",23824,1284.83,3776890
50032,Mass Transportation Authority (MTA),Flint,MI,"Flint, MI",29872,205.46,298964
50033,Interurban Transit Partnership (ITP),Grand Rapids,MI,"Grand Rapids, MI",34300,274.36,605666
50034,City of Jackson Transportation Authority (JATA),Jackson,MI,"Jackson, MI",42157,52.03,84307
50035,Central County Transportation Authority (CCTA),Kalamazoo,MI,"Kalamazoo, MI",43723,109.46,204562
50036,Capital Area Transportation Authority (CATA),Lansing,MI,"Lansing, MI",47719,155.83,318300
50039,Saginaw Transit Authority Regional Service (STARS),Saginaw,MI,"Saginaw, MI",77149,65.73,116058
50040,Ann Arbor Area Transportation Authority (AAATA),Ann Arbor,MI,"Ann Arbor, MI",02602,143.45,317689
50158,"University of Michigan Parking and Transportation Services (UMTS) - Logisitics, Transportation & Parking",Ann Arbor,MI,"Ann Arbor, MI",02602,143.45,317689
50043,City of Evansville (METS) - Metropolitan Evansville Transit System,Evansville,IN,"Evansville, IN",28333,112.75,206855
50044,Fort Wayne Public Transportation Corporation (FWPTC),Fort Wayne,IN,"Fort Wayne, IN",31087,163.6,335934
50045,Gary Public Transportation Corporation (GPTC),Gary,IN,"Chicago, IL--IN",16264,2337.89,8671746
50066,Chicago Transit Authority (CTA),Chicago,IL,"Chicago, IL--IN",16264,2337.89,8671746
50104,Northern Indiana Commuter Transportation District (NICTD),Chesterton,IN,"Chicago, IL--IN",16264,2337.89,8671746
50113,"Pace, the Suburban Bus Division of the Regional Transportation Authority",Arlington Heights,IL,"Chicago, IL--IN",16264,2337.89,8671746
50118,Northeast Illinois Regional Commuter Railroad Corporation,Chicago,IL,"Chicago, IL--IN",16264,2337.89,8671746
50182,"Pace, the Suburban Bus Division of the Regional Transportation Authority - ADA Paratransit Services",Arlington Heights,IL,"Chicago, IL--IN",16264,2337.89,8671746
50521,Chicago Water Taxi (Wendella) (CWT),Chicago,IL,"Chicago, IL--IN",16264,2337.89,8671746
50047,Bloomington-Normal Public Transit System,Normal,IL,"Bloomington--Normal, IL",08407,50.36,134100
50050,Indianapolis and Marion County Public Transportation (IPTC),Indianapolis,IN,"Indianapolis, IN",41212,722.55,1699881
50209,Central Indiana Regional Transportation Authority (CIRTA),Indianapolis,IN,"Indianapolis, IN",41212,722.55,1699881
50342,Hendricks County Sycamore Services - Transportation Department,Danville,IN,"Indianapolis, IN",41212,722.55,1699881
50051,Greater Lafayette Public Transportation Corporation (GLPTC),Lafayette,IN,"Lafayette, IN",46018,68.74,157100
50052,South Bend Public Transportation Corporation,South Bend,IN,"South Bend, IN--MI",83116,147.93,278921
50053,City of Terre Haute (THTU) - Transit,Terre Haute,IN,"Terre Haute, IN",87139,46.83,79862
50054,Muncie Indiana Transit System (MITS),Muncie,IN,"Muncie, IN",60625,48.2,84382
50056,Greater Peoria Mass Transit District (GPMTD),Peoria,IL,"Peoria, IL",68509,145.79,259781
50057,Rock Island County Metropolitan Mass Transit District (MetroLink),Moline,IL,"Davenport, IA--IL",22366,134.86,285211
70049,River Bend Transit (RBT),Davenport,IA,"Davenport, IA--IL",22366,134.86,285211
50058,Rockford Mass Transit District (RMTD),Rockford,IL,"Rockford, IL",75718,133.81,276443
50059,Springfield Mass Transit District (SMTD),Springfield,IL,"Springfield, IL",83899,81.74,159265
50060,Champaign-Urbana Mass Transit District (C-U MTD),Urbana,IL,"Champaign, IL",15211,46.52,147452
50061,"City of Decatur, Il (DPTS) - Transportation Services Department",Decatur,IL,"Decatur, IL",22717,55.11,86287
50092,"City of Rochester, Minnesota (RPT) - Public Transit",Rochester,MN,"Rochester, MN",75637,51.59,121587
50099,City of Eau Claire (ECT) - Transit,Eau Claire,WI,"Eau Claire, WI",26038,62.5,105475
50110,Bloomington Public Transportation Corporation (BT),Bloomington,IN,"Bloomington, IN",08380,43.04,110103
50145,City of Kokomo (COK) - Transit,Kokomo,IN,"Kokomo, IN",45694,32.5,62576
50146,Madison County Transit District (MCT),Pontoon Beach,IL,"St. Louis, MO--IL",77770,910.37,2156323
70006,Bi-State Development Agency of the Missouri-Illinois Metropolitan District,Saint Louis,MO,"St. Louis, MO--IL",77770,910.37,2156323
70057,Loop Trolley Transportation Development District,Saint Louis,MO,"St. Louis, MO--IL",77770,910.37,2156323
50148,Blue Water Area Transportation Commission (BWATC),Port Huron,MI,"Port Huron, MI",71155,52.51,82226
50149,Michiana Area Council of Governments (MACOG),South Bend,IN,"Elkhart, IN--MI",26794,94.94,148199
50159,River Valley Metro Mass Transit District (RVMMTD),Bourbonnais,IL,"Kankakee, IL",43885,31.66,66530
50163,"Licking County, Ohio (LCT) - Public Transportation",Newark,OH,"Newark, OH",61705,44.09,81223
50176,City of DeKalb (CDPT ) - Public Transit ,Dekalb,IL,"DeKalb, IL",22960,25.63,64736
50184,Macatawa Area Express Transportation Authority (MAX),Holland,MI,"Holland, MI",39430,64.8,107034
50522,Lake Erie Transportation Commission (LET) - Operations,Monroe,MI,"Monroe, MI",58357,35.35,57260
60006,City of El Paso - Mass Transit Department,El Paso,TX,"El Paso, TX--NM",27253,255.88,854584
60007,Fort Worth Transportation Authority (FWTA),Fort Worth,TX,"Dallas--Fort Worth--Arlington, TX",22042,1746.9,5732354
60041,City of Arlington (ADOT) - Transportation Department,Arlington,TX,"Dallas--Fort Worth--Arlington, TX",22042,1746.9,5732354
60056,Dallas Area Rapid Transit (DART),Dallas,TX,"Dallas--Fort Worth--Arlington, TX",22042,1746.9,5732354
60114,STAR Transit (STAR),Terrell,TX,"Dallas--Fort Worth--Arlington, TX",22042,1746.9,5732354
60133,McKinney Avenue Transit Authority (MATA),Dallas,TX,"Dallas--Fort Worth--Arlington, TX",22042,1746.9,5732354
60008,"Metropolitan Transit Authority of Harris County, Texas ",Houston,TX,"Houston, TX",40429,1752.69,5853575
60103,"Fort Bend County, Texas (FBT) - Fort Bend County Public Transportation",Richmond,TX,"Houston, TX",40429,1752.69,5853575
60108,Harris County - Community & Economic Development Department,Houston,TX,"Houston, TX",40429,1752.69,5853575
60009,City of Laredo ,Laredo,TX,"Laredo, TX",47854,64.2,251462
60010,City of Lubbock,Lubbock,TX,"Lubbock, TX",51877,106.27,272280
60011,VIA Metropolitan Transit,San Antonio,TX,"San Antonio, TX",78580,613.44,1992689
60012,City of Waco (WTS) - Transit System,Waco,TX,"Waco, TX",91027,89.88,192844
60014,City of Brownsville (BMetro) - Multimodal Transportation,Brownsville,TX,"Brownsville, TX",10972,62.1,216444
60015,City of Galveston (GIT),Galveston,TX,"Galveston--Texas City, TX",32491,108.98,191863
60016,City of Beaumont (BMT) - Transit,Beaumont,TX,"Beaumont, TX",06058,96.1,146649
60017,Central Oklahoma Transportation and Parking Authority (COTPA),Oklahoma City,OK,"Oklahoma City, OK",65080,421.73,982276
60018,Metropolitan Tulsa Transit Authority (MTTA),Tulsa,OK,"Tulsa, OK",88948,338.32,722810
60019,City of Albuquerque - Transit Department,Albuquerque,NM,"Albuquerque, NM",01171,263.07,769837
60111,Rio Metro Regional Transit District (RMRTD),Albuquerque,NM,"Albuquerque, NM",01171,263.07,769837
60022,Capital Area Transit System (CATS),Baton Rouge,LA,"Baton Rouge, LA",05680,396.34,631326
60024,City of Shreveport - Shreveport Area Transit System,Shreveport,LA,"Shreveport, LA",81739,180.84,288052
60032,New Orleans Regional Transit Authority (NORTA),New Orleans,LA,"New Orleans, LA",62677,270.27,963212
60088,Jefferson Parish - JP Transit,Gretna,LA,"New Orleans, LA",62677,270.27,963212
60276,"Plaquemines Port, Harbor and Terminal District (PPHTD)",Belle Chasse,LA,"New Orleans, LA",62677,270.27,963212
60033,Rock Region Metropolitan Transit Authority,North Little Rock,AR,"Little Rock, AR",50392,267.82,461864
60038,Lafayette City-Parish Consolidated Government (LTS),Lafayette,LA,"Lafayette, LA",46045,161.2,227316
60048,Capital Metropolitan Transportation Authority (CMTA),Austin,TX,"Austin, TX",04384,619.62,1809888
60051,Corpus Christi Regional Transportation Authority (CCRTA),Corpus Christi,TX,"Corpus Christi, TX",20287,129.27,339066
60059,Brazos Transit District (BTD),Bryan,TX,"College Station--Bryan, TX",18748,81.63,206137
60077,City of Santa Fe (SFT) - Transit,Santa Fe,NM,"Santa Fe, NM",79363,46.8,94241
60090,Lower Rio Grande Valley Development Council (LRGVDC) - Valley Metro,Weslaco,TX,"McAllen, TX",52390,326.22,779553
60273,University of Texas Rio Grande Valley (UTRGV) - Parking & Transportation Services,Edinburg,TX,"McAllen, TX",52390,326.22,779553
60091,Hill Country Transit District,Belton,TX,"Killeen, TX",44992,100.42,257222
60095,Golden Crescent Regional Planning Commission (GCRPC),Victoria,TX,"Victoria, TX",90514,33.6,65986
60101,Denton County Transportation Authority (DCTA),Lewisville,TX,"Denton--Lewisville, TX",23500,150.48,429461
60102,Concho Valley Transit District (CVTD),San Angelo,TX,"San Angelo, TX",78553,49.27,99982
60107,"Texoma Area Paratransit System, Inc (TAPS)",Sherman,TX,"Sherman--Denison, TX",81631,38.49,66691
66339,New Mexico Department of Transportation (NMDOT),Santa Fe,NM,"Las Cruces, NM",47935,64.47,139338
70001,City of Lincoln - Transportation & Utilities,Lincoln,NE,"Lincoln, NE",49933,94.17,291217
70002,Transit Authority of Omaha,Omaha,NE,"Omaha, NE--IA",65269,270.81,819508
70275,Nebraska Department of Transportation (NDOT) - Local Assistance Division,Lincoln,NE,"Omaha, NE--IA",65269,270.81,819508
70003,City of Springfield,Springfield,MO,"Springfield, MO",83953,134.33,282651
70005,Kansas City Area Transportation Authority (KCATA),Kansas City,MO,"Kansas City, MO--KS",43912,714.1,1674218
70035,Johnson County Kansas (JCT) - Transit,Olathe,KS,"Kansas City, MO--KS",43912,714.1,1674218
70271,"Kansas City, City of Missouri (KCMO) - Multimodal Division / Public Works Department",Kansas City,MO,"Kansas City, MO--KS",43912,714.1,1674218
70008,City of Cedar Rapids (CRT) - Transit Division,Cedar Rapids,IA,"Cedar Rapids, IA",14752,86.03,192844
70010,Des Moines Area Regional Transit Authority (DART),Des Moines,IA,"Des Moines, IA",23743,224.74,542486
70012,City of Sioux City (SCTS) - Transit,Sioux City,IA,"Sioux City, IA--NE--SD",82225,55.03,113066
70014,Topeka Metropolitan Transit Authority (TMTA),Topeka,KS,"Topeka, KS",88084,84.24,148956
70015,City of Wichita (WT) - Transportation,Wichita,KS,"Wichita, KS",95077,226.84,500231
70016,City of Columbia (COMO) - GoCOMO,Columbia,MO,"Columbia, MO",18937,67.2,141831
70018,City of Iowa City (ICT) - Transit,Iowa City,IA,"Iowa City, IA",41590,50.83,126810
70019,University of Iowa (CAMBUS) - Parking and Transportation Department,Iowa City,IA,"Iowa City, IA",41590,50.83,126810
70030,City of Coralville (CTS) - Transit and Parking,Coralville,IA,"Iowa City, IA",41590,50.83,126810
70045,"County of Johnson, Iowa (SEATS)",Iowa City,IA,"Iowa City, IA",41590,50.83,126810
70041,Ames Transit Agency,Ames,IA,"Ames, IA",02062,22.36,66342
70066,Heart of Iowa Regional Transit Agency (HIRTA),Urbandale,IA,"Ames, IA",02062,22.36,66342
70044,University of Kansas (KUTS) - Transportation Services,Lawrence,KS,"Lawrence, KS",48232,29.92,94998
70048,City of Lawrence - Lawrence Transit,Lawrence,KS,"Lawrence, KS",48232,29.92,94998
80001,Utah Transit Authority (UTA),Salt Lake City,UT,"Salt Lake City, UT",78499,300.42,1178533
80002,City of Sioux Falls (SAM),Sioux Falls,SD,"Sioux Falls, SD",82252,67.9,194283
80004,City of Billings (MET) - MET Transit,Billings,MT,"Billings, MT",07705,54.7,128787
80005,"City of Colorado Springs (MMT) - Public Works, Transit Division",Colorado Springs,CO,"Colorado Springs, CO",18856,200.36,632494
80006,Denver Regional Transportation District (RTD),Denver,CO,"Denver--Aurora, CO",23527,644.54,2686147
80109,Denver Regional Council of Governments (DRCOG) - Way to Go,Denver,CO,"Denver--Aurora, CO",23527,644.54,2686147
80007,City of Pueblo (PT) - Pueblo Transit,Pueblo,CO,"Pueblo, CO",72613,54.7,120642
80008,City of Grand Forks (CAT) - Cities Area Transit,Grand Forks,ND,"Grand Forks, ND--MN",34219,26.48,68160
80009,Missoula Urban Transportation District (MUTD),Missoula,MT,"Missoula, MT",57736,44.29,88109
80107,University of Montana (UDASH) - Associated Students at the University of Montana,Missoula,MT,"Missoula, MT",57736,44.29,88109
80011,City of Fort Collins - Transfort,Fort Collins,CO,"Fort Collins, CO",30628,117.98,326332
80025,"City of Loveland, Colorado (COLT) - Public Works/Transit",Loveland,CO,"Fort Collins, CO",30628,117.98,326332
80106,North Front Range Transportation and Air Quality Planning Council (NFRMPO),Fort Collins,CO,"Fort Collins, CO",30628,117.98,326332
80012,Great Falls Transit District (GFTD),Great Falls,MT,"Great Falls, MT",34759,30.3,67097
80028,Cache Valley Transit District (CVTD),Logan,UT,"Logan, UT",50959,47.72,113927
80285,Via Mobility Services,Boulder,CO,"Boulder, CO",09298,25.45,120828
90001,Regional Transportation Commission of Washoe County (RTC),Reno,NV,"Reno, NV--CA",74179,165.43,446529
90003,San Francisco Bay Area Rapid Transit District (BART),Oakland,CA,"San Francisco--Oakland, CA",78904,513.8,3515933
90009,San Mateo County Transit District (SMCTD),San Carlos,CA,"San Francisco--Oakland, CA",78904,513.8,3515933
90014,Alameda-Contra Costa Transit District,Oakland,CA,"San Francisco--Oakland, CA",78904,513.8,3515933
90015,City and County of San Francisco (SFMTA) - Transit Division,San Francisco,CA,"San Francisco--Oakland, CA",78904,513.8,3515933
90016,"Golden Gate Bridge, Highway and Transportation District (GGBHTD) - Golden Gate Transit; Golden Gate Ferry",San Francisco,CA,"San Francisco--Oakland, CA",78904,513.8,3515933
90094,Metropolitan Transportation Commission (MTC) - Field Operations and Asset Management,San Francisco,CA,"San Francisco--Oakland, CA",78904,513.8,3515933
90134,Peninsula Corridor Joint Powers Board (PCJPB),San Carlos,CA,"San Francisco--Oakland, CA",78904,513.8,3515933
90159,Western Contra Costa Transit Authority (WCCTA ),Pinole,CA,"San Francisco--Oakland, CA",78904,513.8,3515933
90225,San Francisco Bay Area Water Emergency Transportation Authority (WETA),San Francisco,CA,"San Francisco--Oakland, CA",78904,513.8,3515933
90234,Marin County Transit District (MCTD),San Rafael,CA,"San Francisco--Oakland, CA",78904,513.8,3515933
90004,Golden Empire Transit District (GET),Bakersfield,CA,"Bakersfield, CA",04681,132.12,570235
90006,Santa Cruz Metropolitan Transit District (SCMTD),Santa Cruz,CA,"Santa Cruz, CA",79336,60.45,169038
90008,City of Santa Monica (BBB) - Department of Transportation,Santa Monica,CA,"Los Angeles--Long Beach--Anaheim, CA",51445,1636.83,12237376
90010,City of Torrance (TTS) - Transit Department,Torrance,CA,"Los Angeles--Long Beach--Anaheim, CA",51445,1636.83,12237376
90022,City of Norwalk (NTS) - Department of Transportation,Norwalk,CA,"Los Angeles--Long Beach--Anaheim, CA",51445,1636.83,12237376
90023,Long Beach Transit (LBT),Long Beach,CA,"Los Angeles--Long Beach--Anaheim, CA",51445,1636.83,12237376
90024,City of La Mirada (LMT) - CS Department ,La Mirada,CA,"Los Angeles--Long Beach--Anaheim, CA",51445,1636.83,12237376
90036,Orange County Transportation Authority (OCTA),Orange,CA,"Los Angeles--Long Beach--Anaheim, CA",51445,1636.83,12237376
90039,City of Culver City - Transportation Department,Culver City,CA,"Los Angeles--Long Beach--Anaheim, CA",51445,1636.83,12237376
90041,City of Montebello (MBL) - Transportation,Montebello,CA,"Los Angeles--Long Beach--Anaheim, CA",51445,1636.83,12237376
90042,City of Gardena - Transportation,Gardena,CA,"Los Angeles--Long Beach--Anaheim, CA",51445,1636.83,12237376
90043,City of Commerce (CCT) - Transportation,Commerce,CA,"Los Angeles--Long Beach--Anaheim, CA",51445,1636.83,12237376
90146,Foothill Transit,West Covina,CA,"Los Angeles--Long Beach--Anaheim, CA",51445,1636.83,12237376
90147,City of Los Angeles (LADOT) - City of Los Angeles Department of Transportation,Los Angeles,CA,"Los Angeles--Long Beach--Anaheim, CA",51445,1636.83,12237376
90151,Southern California Regional Rail Authority (SCRRA),Los Angeles,CA,"Los Angeles--Long Beach--Anaheim, CA",51445,1636.83,12237376
90154,Los Angeles County Metropolitan Transportation Authority (LACMTA),Los Angeles,CA,"Los Angeles--Long Beach--Anaheim, CA",51445,1636.83,12237376
90157,Access Services (AS),El Monte,CA,"Los Angeles--Long Beach--Anaheim, CA",51445,1636.83,12237376
90211,Anaheim Transportation Network (ATN),Anaheim,CA,"Los Angeles--Long Beach--Anaheim, CA",51445,1636.83,12237376
90214,City of Redondo Beach (BCT) - Transit Division in the Community Services Department,Redondo Beach,CA,"Los Angeles--Long Beach--Anaheim, CA",51445,1636.83,12237376
99423,City of Glendale - Public Works Transit,Glendale,CA,"Los Angeles--Long Beach--Anaheim, CA",51445,1636.83,12237376
99424,City of Pasadena - Transit,Pasadena,CA,"Los Angeles--Long Beach--Anaheim, CA",51445,1636.83,12237376
99425,Pomona Valley Transportation Authority (PVTA),La Verne,CA,"Los Angeles--Long Beach--Anaheim, CA",51445,1636.83,12237376
90012,San Joaquin Regional Transit District (RTD),Stockton,CA,"Stockton, CA",85087,92.46,414847
90182,Altamont Corridor Express (ACE),Stockton,CA,"Stockton, CA",85087,92.46,414847
99422,San Joaquin Council (SJCOG),Stockton,CA,"Stockton, CA",85087,92.46,414847
90013,Santa Clara Valley Transportation Authority (VTA),San Jose,CA,"San Jose, CA",79039,285.48,1837446
90017,City of Santa Rosa - Transit Division,Santa Rosa,CA,"Santa Rosa, CA",79498,79.39,297329
90089,County of Sonoma (SCT) - Department of Public Infrastructure - Transit Division,Santa Rosa,CA,"Santa Rosa, CA",79498,79.39,297329
90299,Sonoma-Marin Area Rail Transit District (SMART),Petaluma,CA,"Santa Rosa, CA",79498,79.39,297329
90019,Sacramento Regional Transit District,Sacramento,CA,"Sacramento, CA",77068,467.58,1946618
90090,Yolo County Transportation District (YCTD),Woodland,CA,"Sacramento, CA",77068,467.58,1946618
90196,County of Placer (PCT/TART) - Department of Public Works,Auburn,CA,"Sacramento, CA",77068,467.58,1946618
90223,"Paratransit, Inc.",Sacramento,CA,"Sacramento, CA",77068,467.58,1946618
90020,Santa Barbara Metropolitan Transit District (SBMTD),Santa Barbara,CA,"Santa Barbara, CA",79282,54.81,202197
90026,San Diego Metropolitan Transit System (MTS),San Diego,CA,"San Diego, CA",78661,674.72,3070300
90030,North County Transit District (NCTD),Oceanside,CA,"San Diego, CA",78661,674.72,3070300
90095,San Diego Association of Governments (SANDAG) - Regional Transportation Services,San Diego,CA,"San Diego, CA",78661,674.72,3070300
90027,City of Fresno (FAX) - Department of Transportation,Fresno,CA,"Fresno, CA",31843,159.11,717589
90029,Omnitrans,San Bernardino,CA,"Riverside--San Bernardino, CA",75340,608.56,2276703
90031,Riverside Transit Agency (RTA),Riverside,CA,"Riverside--San Bernardino, CA",75340,608.56,2276703
90086,"City of Riverside - Parks, Recreation & Community Services / Special Transportation",Riverside,CA,"Riverside--San Bernardino, CA",75340,608.56,2276703
90218,Riverside County Transportation Commission (RCTC),Riverside,CA,"Riverside--San Bernardino, CA",75340,608.56,2276703
90302,San Bernardino County Transportation Authority (SBCTA),San Bernardino,CA,"Riverside--San Bernardino, CA",75340,608.56,2276703
90032,City of Phoenix - Public Transit,Phoenix,AZ,"Phoenix--Mesa--Scottsdale, AZ",69184,1110.48,3976313
90034,City of Glendale (COG) - Transit/Transportation,Glendale,AZ,"Phoenix--Mesa--Scottsdale, AZ",69184,1110.48,3976313
90131,City of Scottsdale (COS) - Public Works/Streets & Transportation,Scottsdale,AZ,"Phoenix--Mesa--Scottsdale, AZ",69184,1110.48,3976313
90136,Regional Public Transportation Authority (RPTA),Phoenix,AZ,"Phoenix--Mesa--Scottsdale, AZ",69184,1110.48,3976313
90140,City of Peoria - Transit,Peoria,AZ,"Phoenix--Mesa--Scottsdale, AZ",69184,1110.48,3976313
90209,"Valley Metro Rail, Inc. (VMR)",Phoenix,AZ,"Phoenix--Mesa--Scottsdale, AZ",69184,1110.48,3976313
90033,City of Tucson (COT) - Department of Transportation & Mobility / Transit Services Division,Tucson,AZ,"Tucson, AZ",88732,357.35,875441
90222,Pima Association of Governments (PAG) - Commuter Services,Tucson,AZ,"Tucson, AZ",88732,357.35,875441
90035,Gold Coast Transit District (GCTD),Oxnard,CA,"Oxnard--San Buenaventura (Ventura), CA",66673,76.61,376117
90164,Ventura County Transportation Commission (VCTC),Camarillo,CA,"Oxnard--San Buenaventura (Ventura), CA",66673,76.61,376117
90062,Monterey-Salinas Transit (MST),Monterey,CA,"Seaside--Monterey--Pacific Grove, CA",80362,41.18,123495
90078,Central Contra Costa Transit Authority (CCCTA),Concord,CA,"Concord--Walnut Creek, CA",19504,175.76,538583
90079,SunLine Transit Agency,Thousand Palms,CA,"Indio--Palm Desert--Palm Springs, CA",41347,151.82,361075
90087,City of Santa Maria (SMRT),Santa Maria,CA,"Santa Maria, CA",79417,27.06,143609
90088,Napa Valley Transportation Authority (NVTA),Napa,CA,"Napa, CA",61057,20.35,84619
90091,City of Visalia (VT) - Transportation ,Visalia,CA,"Visalia, CA",90946,37.7,160578
90310,Tulare County Regional Transit Agency (TCRTA),Visalia,CA,"Visalia, CA",90946,37.7,160578
90092,"City of Fairfield, California - Transportation Division/Public Works Department",Fairfield,CA,"Fairfield, CA",28657,40.81,150122
90142,"University of California, Davis (ASUCD) - Associated Students of the University of California, Davis",Davis,CA,"Davis, CA",22420,12.16,77034
90148,Victor Valley Transit Authority (VVTA),Hesperia,CA,"Victorville--Hesperia--Apple Valley, CA",90541,131.77,355816
90156,City of San Luis Obispo - Public Works,San Luis Obispo,CA,"San Luis Obispo, CA",79147,14.11,56904
90206,San Luis Obispo Regional Transit Authority (SLORTA),San Luis Obispo,CA,"San Luis Obispo, CA",79147,14.11,56904
90162,The Eastern Contra Costa Transit Authority,Antioch,CA,"Antioch, CA",02683,73.35,326205
90171,"City of Santa Clarita (SCT) - Economic Development, Transit Division",Santa Clarita,CA,"Santa Clarita, CA",79309,77.85,278031
90173,Transit Joint Powers Authority for Merced County,Merced,CA,"Merced, CA",56251,43.08,150052
90201,City of Turlock - Transit,Turlock,CA,"Turlock, CA",89083,16.89,79203
90208,Butte County Association of Governments (BCAG),Chico,CA,"Chico, CA",16318,33.72,111411
90213,City of Petaluma - Transit,Petaluma,CA,"Petaluma, CA",68887,20.96,65227
90219,Northern Arizona Intergovernmental Public Transportation Authority (NAIPTA),Flagstaff,AZ,"Flagstaff, AZ",29818,29.26,79842
90232,Solano County Transit,Vallejo,CA,"Vallejo, CA",90028,39.64,175132
90233,Yuma County Intergovernmental Public Transportation Authority (YCAT),Yuma,AZ,"Yuma, AZ--CA",98020,52.96,135717
90306,Stanislaus Regional Transit Authority,Modesto,CA,"Modesto, CA",58006,70.38,357301
