NTD ID,Agency Name,City,State,Primary UZA Name,UACE Code,UZA Area SQ Miles,UZA Population,1991,1992,1993,1994,1995,1996,1997,1998,1999,2000,2001,2002,2003,2004,2005,2006,2007,2008,2009,2010,2011,2012,2013,2014,2015,2016,2017,2018,2019
00001,King County (KCM) - Metro Transit Department,Seattle,WA,"Seattle--Tacoma, WA",80389,982.52,3544011,2004806.0,2139997.0,2354016.0,2412665.0,3010853.0,3099420.0,3482674.0,3670638.0,3860305.0,3783534.0,3886407.0,3935355.0,3976491.0,3664144.0,3850905.0,3973033.0,4027095.0,4127709.0,4151515.0,4109143.0,4157822.0,4241204.0,4273989.0,4336541.0,4325894.0,4662806.0,4793882.0,4929459.0,5031034.0
00003,Pierce County Transportation Benefit Area Authority,Lakewood,WA,"Seattle--Tacoma, WA",80389,982.52,3544011,565097.0,561855.0,592952.0,651811.0,708506.0,663290.0,654362.0,730692.0,799568.0,776503.0,771362.0,807901.0,890156.0,917672.0,794316.0,851656.0,914200.0,952553.0,933546.0,902773.0,784435.0,688684.0,682741.0,691708.0,698921.0,710058.0,732884.0,738916.0,724603.0
00005,City of Everett (ET),Everett,WA,"Seattle--Tacoma, WA",80389,982.52,3544011,94931.0,99792.0,104761.0,104155.0,103478.0,100111.0,91687.0,93712.0,98328.0,106596.0,106648.0,111837.0,116855.0,93675.0,127249.0,140574.0,149232.0,157021.0,160499.0,173621.0,169034.0,157120.0,147007.0,146131.0,147717.0,151712.0,154576.0,155921.0,152264.0
00023,City of Seattle (SMS),Seattle,WA,"Seattle--Tacoma, WA",80389,982.52,3544011,19240.0,20524.0,21214.0,20600.0,20324.0,22508.0,24124.0,28184.0,28184.0,27180.0,27644.0,20684.0,22905.0,10016.0,15582.0,2196.0,18620.0,20272.0,20328.0,19483.0,20782.0,21334.0,21618.0,21348.0,21462.0,21453.0,21455.0,21397.0,20041.0
00028,County of Pierce,Tacoma,WA,"Seattle--Tacoma, WA",80389,982.52,3544011,4531.0,4544.0,4888.0,4903.0,4695.0,4704.0,4692.0,5328.0,5310.0,5365.0,5266.0,5395.0,5266.0,5650.0,5737.0,5736.0,5735.0,5744.0,5643.0,5579.0,5720.0,5756.0,5839.0,5839.0,5841.0,9684.0,10314.0,5071.0,5248.0
00029,Snohomish County Public Transportation Benefit Area Corporation (CT),Everett,WA,"Seattle--Tacoma, WA",80389,982.52,3544011,168291.0,234517.0,243113.0,241458.0,257489.0,328907.0,368862.0,458870.0,498007.0,445722.0,468563.0,485864.0,552796.0,585314.0,537072.0,555190.0,671494.0,694621.0,701001.0,679773.0,693094.0,592609.0,587998.0,609453.0,640838.0,679082.0,723859.0,758520.0,818454.0
00035,Washington State Ferries (WSF),Olympia,WA,"Seattle--Tacoma, WA",80389,982.52,3544011,120104.0,120736.0,120592.0,119548.0,119548.0,125301.0,126028.0,133276.0,133012.0,146000.0,135480.0,137791.0,136159.0,130685.0,129383.0,128442.0,127963.0,126419.0,126367.0,126631.0,125884.0,127512.0,126980.0,127334.0,127217.0,127479.0,127001.0,126295.0,126622.0
00002,Spokane Transit Authority (STA),Spokane,WA,"Spokane, WA",83764,171.67,447279,447845.0,468027.0,487725.0,504166.0,536189.0,528589.0,533310.0,531563.0,531848.0,512322.0,498187.0,513539.0,520994.0,523414.0,543395.0,587304.0,597504.0,617977.0,617031.0,611306.0,590771.0,577866.0,580892.0,589241.0,590796.0,590751.0,602299.0,621076.0,632275.0
00006,City of Yakima (YT),Yakima,WA,"Yakima, WA",97507,55.77,133145,67997.0,80160.0,80947.0,88538.0,64268.0,59051.0,60471.0,63577.0,57459.0,60760.0,64100.0,65615.0,83874.0,93426.0,91313.0,82236.0,83865.0,109259.0,109952.0,107960.0,113800.0,105576.0,102108.0,94146.0,94276.0,99364.0,94401.0,92038.0,84997.0
00007,Lane Transit District (LTD),Eugene,OR,"Eugene, OR",28117,73.49,270179,221503.0,226679.0,252341.0,264990.0,272985.0,280240.0,291471.0,297294.0,307470.0,318796.0,322559.0,309783.0,286530.0,326825.0,313144.0,326764.0,354315.0,372722.0,381271.0,412455.0,391803.0,398451.0,405566.0,435135.0,474407.0,514915.0,521718.0,535766.0,532181.0
00008,Tri-County Metropolitan Transportation District of Oregon,Portland,OR,"Portland, OR--WA",71317,519.3,2104238,1666113.0,1700632.0,1781604.0,1888358.0,1953803.0,2035409.0,2034230.0,2136964.0,2346872.0,2464954.0,2487087.0,2582597.0,2629937.0,2649850.0,2727571.0,2674600.0,2793584.0,2851829.0,2913871.0,2873427.0,2723856.0,2672361.0,2659678.0,2719347.0,2805798.0,2999817.0,3048158.0,3095033.0,3184356.0
00024,Clark County Public Transportation Benefit Area Authority,Vancouver,WA,"Portland, OR--WA",71317,519.3,2104238,171662.0,169122.0,169286.0,180081.0,196949.0,240573.0,280435.0,350882.0,356488.0,323359.0,310254.0,315239.0,314405.0,316982.0,303226.0,308358.0,329096.0,367238.0,358948.0,339378.0,338267.0,344576.0,348202.0,350839.0,356631.0,365418.0,366866.0,374967.0,383159.0
00011,Valley Regional Transit (VRT),Meridian,ID,"Boise City, ID",08785,139.23,433180,47790.0,50140.0,56149.0,65515.0,75837.0,75912.0,77024.0,76257.0,76710.0,80921.0,83981.0,86935.0,95504.0,95383.0,100777.0,105064.0,104866.0,114950.0,113074.0,117737.0,114274.0,117463.0,116655.0,121563.0,120385.0,124079.0,131685.0,139822.0,150936.0
00012,Municipality of Anchorage - Public Transportation,Anchorage,AK,"Anchorage, AK",02305,91.69,249252,132882.0,132482.0,134003.0,134316.0,127965.0,139110.0,146109.0,183862.0,186532.0,185870.0,200416.0,206570.0,219022.0,230092.0,232382.0,217961.0,236684.0,241147.0,239905.0,237039.0,253022.0,247032.0,237605.0,235078.0,239418.0,263952.0,260878.0,269403.0,277621.0
00019,Intercity Transit (I.T.),Olympia,WA,"Olympia--Lacey, WA",65242,106.21,208157,151185.0,164550.0,224955.0,284030.0,258672.0,258247.0,285337.0,275580.0,276227.0,195937.0,196798.0,186958.0,201451.0,215483.0,243946.0,286588.0,298425.0,332075.0,342337.0,338606.0,349591.0,357159.0,362030.0,369701.0,369362.0,365304.0,361632.0,364520.0,401362.0
00020,Kitsap County Public Transportation Benefit Area Authority (KT ),Bremerton,WA,"Bremerton, WA",09946,146.91,224449,158840.0,184872.0,188414.0,219850.0,243108.0,262683.0,247054.0,249217.0,261151.0,186873.0,202138.0,243731.0,298238.0,324034.0,320110.0,311205.0,310217.0,295083.0,254416.0,229041.0,236376.0,239472.0,239106.0,248476.0,249758.0,241884.0,249915.0,256815.0,279786.0
00021,Whatcom Transportation Authority (WTA),Bellingham,WA,"Bellingham, WA",06652,50.13,128979,88400.0,97446.0,102634.0,116362.0,126976.0,134270.0,145648.0,148463.0,149688.0,139843.0,138044.0,138078.0,136920.0,145969.0,148465.0,174332.0,180885.0,195510.0,208344.0,201888.0,191404.0,197349.0,200019.0,201595.0,203401.0,205378.0,220500.0,229248.0,233672.0
00025,Salem Area Mass Transit District (SAMTD or SKT),Salem,OR,"Salem, OR",78229,72.68,268331,107434.0,117120.0,121537.0,121440.0,117208.0,116800.0,131989.0,133737.0,136652.0,162394.0,181211.0,187119.0,223773.0,234021.0,248471.0,260051.0,318330.0,389223.0,379622.0,395951.0,388970.0,395246.0,409066.0,438843.0,492778.0,494032.0,510806.0,414554.0,269199.0
00034,Rogue Valley Transportation District (RVTD),Medford,OR,"Medford, OR",55981,63.02,171640,44610.0,36764.0,35511.0,36277.0,39651.0,47399.0,32682.0,53295.0,47940.0,47628.0,56448.0,62957.0,77339.0,43142.0,78803.0,85582.0,68197.0,63623.0,56445.0,58692.0,70394.0,75892.0,84783.0,86949.0,88112.0,66026.0,75779.0,93364.0,97726.0
10001,Rhode Island Public Transit Authority (RIPTA),Providence,RI,"Providence, RI--MA",72505,544.25,1285806,452457.0,455165.0,455707.0,455735.0,494662.0,497347.4,380660.0,545845.0,582837.0,411318.0,417264.0,470020.0,752674.0,909272.0,918542.0,931303.0,930987.0,955943.0,940505.0,947724.0,961130.0,951820.0,912918.0,930208.0,879363.0,852651.0,840250.0,845065.0,842065.0
10064,Greater Attleboro-Taunton Regional Transit Authority (GATRA),Taunton,MA,"Providence, RI--MA",72505,544.25,1285806,88813.0,86986.0,99350.0,124927.0,126150.0,150436.0,149229.0,151692.0,153242.0,164615.0,173013.0,176727.0,169227.0,158056.0,149181.0,145870.0,158125.0,162885.0,168989.0,188710.0,188035.0,198556.0,200546.0,203546.0,209558.0,211594.0,217934.0,216961.0,218712.0
10003,Massachusetts Bay Transportation Authority (MBTA) - Treasurer Controller,Boston,MA,"Boston, MA--NH",09271,1655.89,4382009,3532057.0,4423910.0,4538112.0,4242814.0,4410863.0,4820453.0,4930939.0,4859222.0,5013029.0,5103513.0,5054815.0,5221058.0,5187504.0,5209337.0,6347843.0,6294738.0,6345011.0,6192370.0,6441612.0,6450605.0,6877776.0,7027284.0,6640449.0,6692602.0,6474407.0,6685428.0,6793648.0,7147993.0,7523858.0
10004,Brockton Area Transit Authority (BAT),Brockton,MA,"Boston, MA--NH",09271,1655.89,4382009,162025.0,139855.0,154156.0,146000.0,151101.0,171962.0,169696.0,159496.0,172556.0,172689.0,166539.0,158780.0,157852.0,143337.0,145837.0,170120.0,194641.0,192105.0,195826.0,203789.0,199529.0,197302.0,177474.0,170429.0,173515.0,178807.0,181006.0,173522.0,175511.0
10005,Lowell Regional Transit Authority (LRTA),Lowell,MA,"Boston, MA--NH",09271,1655.89,4382009,85949.0,88512.0,88638.0,86126.0,96505.0,91926.0,115848.0,117804.0,126820.0,139412.0,130700.0,130204.0,122948.0,120213.0,122707.0,115883.0,113915.0,109327.0,112131.0,115954.0,117774.0,119068.0,121587.0,133442.0,141869.0,145363.0,148614.0,137585.0,134998.0
10013,Merrimack Valley Regional Transit Authority (MEVA),Haverhill,MA,"Boston, MA--NH",09271,1655.89,4382009,99420.0,108066.0,120243.0,131036.0,131488.0,130128.0,130854.0,127699.0,155616.0,167891.0,162000.0,142514.0,129628.0,118487.0,110138.0,131415.0,137848.0,154607.0,148007.0,133608.0,136958.0,150558.0,152531.0,160457.0,172836.0,181194.0,183807.0,182471.0,186281.0
10053,Cape Ann Transportation Authority (CATA),Gloucester,MA,"Boston, MA--NH",09271,1655.89,4382009,26089.0,24252.0,28131.0,28640.0,28179.0,31472.0,31416.0,35446.0,36667.0,34039.0,35039.0,35039.0,36893.0,34232.0,30449.0,31455.0,32304.0,30366.0,30133.0,28506.0,28613.0,30025.0,29742.0,29716.0,25997.0,24643.0,23746.0,22903.0,25926.0
10008,Pioneer Valley Transit Authority (PVTA),Springfield,MA,"Springfield, MA--CT",83926,201.77,442145,139757.0,436450.0,451789.0,410074.0,474189.0,487039.0,159415.0,182775.0,200966.0,219071.0,296325.0,661315.0,632097.0,593795.0,521692.0,507822.0,513263.0,517094.0,507003.0,496572.0,516012.0,517343.0,523133.0,523893.0,554185.0,586378.0,593933.0,586575.0,556739.0
10014,Worcester Regional Transit Authority (WRTA),Worcester,MA,"Worcester, MA--CT",97291,260.29,482085,254204.0,265453.0,263058.0,270597.0,277036.0,268025.0,266043.0,275579.0,286800.0,320416.0,328831.0,317828.0,284313.0,240852.0,210481.0,243815.0,250207.0,253838.0,222286.0,210388.0,195007.0,191924.0,197263.0,220500.0,226876.0,254614.0,255833.0,242146.0,238876.0
10016,Greater Portland Transit District (GPTD),Portland,ME,"Portland, ME",71263,123.88,205356,58673.0,59681.0,57501.0,57742.0,56721.0,59153.0,58495.0,57978.0,60690.0,66294.0,69160.0,68441.0,67800.0,68193.0,68451.0,68748.0,69592.0,69522.0,69872.0,72366.0,68607.0,68444.0,67621.0,67782.0,71845.0,78830.0,82134.0,91310.0,110747.0
10088,Casco Bay Island Transit District (CBITD),Portland,ME,"Portland, ME",71263,123.88,205356,13237.0,12387.0,12629.0,13701.0,15280.0,16112.0,15757.0,15652.0,15278.0,15339.0,15227.0,14958.0,15086.0,15121.0,14931.0,14866.0,12479.0,6276.0,15144.0,15178.0,15117.0,15406.0,15287.0,15492.0,15707.0,15865.0,16163.0,16281.0,16327.0
10017,Greater Hartford Transit District (GHTD),Hartford,CT,"Hartford, CT",37243,535.93,977158,137704.0,154455.0,164240.0,145815.0,130063.0,135152.0,170471.0,163799.0,171314.0,177109.0,181626.0,197412.0,219578.0,237324.0,243739.0,297837.0,301923.0,321805.0,287302.0,248229.0,205495.0,192225.0,203376.0,214724.0,221218.0,280250.0,289972.0,272393.0,288140.0
10048,Connecticut Department of Transportation - CTTRANSIT - Hartford Division - Hartford,Hartford,CT,"Hartford, CT",37243,535.93,977158,458531.0,459616.0,454487.0,446984.0,441470.0,443459.0,451830.0,459298.0,465943.0,478292.0,487123.0,480215.0,472171.0,463868.0,470864.0,478471.0,496885.0,475248.0,501304.0,497323.0,500103.0,503909.0,501492.0,508106.0,555830.0,713570.0,719413.0,734798.0,743581.0
10102,Connecticut Department of Transportation (CDOT),Newington,CT,"Hartford, CT",37243,535.93,977158,19463.0,20013.0,21275.0,21912.0,22004.0,23005.0,18661.0,19014.0,17971.0,16070.0,20456.0,20805.0,21393.0,20005.0,19902.0,19680.0,58402.0,23105.0,30458.0,29357.0,30964.0,35402.0,41886.0,54681.0,55744.0,53079.0,50608.0,47025.0,45437.0
10049,Greater New Haven Transit District (GNHTD),Hamden,CT,"New Haven, CT",62407,298.01,561456,21698.0,28462.0,22490.0,25408.0,54147.0,78952.0,91308.0,91569.0,74871.0,70956.0,163948.0,142368.0,149312.0,135941.0,134846.0,136065.0,151265.0,145654.0,149651.0,134792.0,120093.0,138907.0,128904.0,132066.0,131184.0,141419.0,137871.0,132450.0,131972.0
10055,Connecticut Department of Transportation - CTTRANSIT New Haven Division - New Haven,Hartford,CT,"New Haven, CT",62407,298.01,561456,234841.0,260331.0,262848.0,261948.0,263247.0,265269.0,269562.0,274098.0,279033.0,290316.0,285646.0,277302.0,275724.0,271036.0,271788.0,273451.0,286701.0,301673.0,307889.0,315482.0,324571.0,327602.0,325415.0,333660.0,336788.0,338879.0,337086.0,338773.0,339820.0
10050,Greater Bridgeport Transit Authority (GBT),Bridgeport,CT,"Bridgeport--Stamford, CT--NY",10162,397.29,916408,161610.0,174035.0,176287.0,179838.0,184979.0,182789.0,175221.0,180766.0,185458.0,187284.0,191061.0,196822.0,190632.0,187692.0,189166.0,187374.0,193704.0,215854.0,231239.0,233437.0,226068.0,212618.0,200847.0,210013.0,205328.0,211142.0,208748.0,203575.0,205749.0
10056,Connecticut Department of Transportation - CTTRANSIT Stamford Division - Stamford,Hartford,CT,"Bridgeport--Stamford, CT--NY",10162,397.29,916408,82842.0,84492.0,85068.0,84439.0,84945.0,90764.0,94966.0,95580.0,96875.0,102046.0,105311.0,106904.0,108895.0,107543.0,107927.0,116596.0,119250.0,132940.0,131122.0,133718.0,132195.0,129002.0,131528.0,135075.0,136825.0,137226.0,136221.0,136516.0,136599.0
10057,Norwalk Transit District,Norwalk,CT,"Bridgeport--Stamford, CT--NY",10162,397.29,916408,71927.0,73449.0,69411.0,71026.0,78768.0,80683.0,93161.0,103034.0,105468.0,112037.0,116920.0,117254.0,118115.0,117259.0,125325.0,123879.0,137047.0,135031.0,153072.0,160897.0,161479.0,161040.0,156510.0,158791.0,160092.0,163264.0,155241.0,149801.0,143136.0
10051,Housatonic Area Regional Transit ,Danbury,CT,"Danbury, CT--NY",22096,118.49,171680,65574.0,67602.0,64622.0,64647.0,67821.0,66603.0,69621.0,70609.0,70461.0,73325.0,75536.0,78204.0,84428.0,84606.0,83824.0,82597.0,87009.0,87564.0,90143.0,92001.0,91657.0,89917.0,88394.0,89473.0,89484.0,90441.0,88783.0,89053.0,89957.0
10061,Montachusett Regional Transit Authority (MART),Fitchburg,MA,"Leominster--Fitchburg, MA",49096,52.93,111790,119491.0,135213.0,156814.0,189905.0,110904.0,114612.0,99450.0,142185.0,152637.0,149786.0,176490.0,186540.0,211924.0,240467.0,208577.0,185072.0,189051.0,177174.0,184105.0,183052.0,182887.0,184822.0,181819.0,204278.0,213559.0,198589.0,201861.0,212012.0,258476.0
10066,Green Mountain Transit Authority (GMT),Burlington,VT,"Burlington, VT",11755,62.01,118032,52424.0,52268.0,56595.0,66694.0,71207.0,72638.0,74691.0,78557.0,68110.0,71179.0,90007.0,96382.0,104666.0,95731.0,112383.0,121481.0,122286.0,112960.0,117527.0,117250.0,130025.0,139017.0,139542.0,138120.0,139883.0,139271.0,134527.0,130922.0,212209.0
10087,City of Nashua (NTS) - Transportation Department,Nashua,NH,"Nashua, NH--MA",61165,195.56,242984,36150.0,37697.0,33141.0,34432.0,35168.0,34996.0,34200.0,30474.0,29393.0,30149.0,29539.0,31859.0,37672.0,39714.0,35123.0,36835.0,35946.0,36606.0,36431.0,35702.0,35574.0,40983.0,40680.0,41102.0,41748.0,42073.0,42549.0,41491.0,44800.0
20003,Broome County (BCDPT) - Department of Public Transportation,Binghamton,NY,"Binghamton, NY",07732,69.73,155942,100414.0,119403.0,120137.0,120098.0,115606.0,113740.0,114108.0,115780.0,120120.0,133851.0,133808.0,149627.0,153679.0,154488.0,155789.0,154503.0,155613.0,158343.0,158761.0,150098.0,143306.0,139878.0,138508.0,138049.0,139832.0,139364.0,136971.0,134883.0,131707.0
20004,Niagara Frontier Transportation Authority (NFTA),Buffalo,NY,"Buffalo, NY",11350,340.5,948864,807105.0,814626.0,797235.0,799756.0,813713.0,860691.0,808101.0,827074.0,849206.0,918340.0,914778.0,832868.0,841190.0,865548.0,876951.0,865640.0,889438.0,945514.0,964038.0,963830.0,975370.0,1000792.0,968358.0,952818.0,967853.0,970933.0,966233.0,959790.0,972183.0
20008,MTA New York City Transit (NYCT),Brooklyn,NY,"New York--Jersey City--Newark, NY--NJ",63217,3248.12,19426449,23783988.0,25832869.0,27422718.0,28188750.0,28180804.0,27864999.0,28203374.0,28232555.0,28975660.0,30519384.0,31109318.0,32457930.0,32261640.0,32927295.0,32906722.0,33391529.0,35527964.0,36900253.0,38221772.0,37351200.0,36500877.0,35261411.0,36042588.0,36280681.0,36894081.0,37221568.0,37041459.0,36608977.0,36769630.0
20072,Suffolk County (SCT) - Public Works,Yaphank,NY,"New York--Jersey City--Newark, NY--NJ",63217,3248.12,19426449,319378.0,316582.0,319620.0,326926.0,354439.0,360737.0,375703.0,397771.0,425818.0,442841.0,483411.0,518621.0,513573.0,536975.0,563713.0,557781.0,584674.0,608931.0,631118.0,649696.0,667902.0,695640.0,725460.0,775384.0,813418.0,826213.0,829890.0,846386.0,865090.0
20076,Westchester County - Department of Public Works and Transportation,White Plains,NY,"New York--Jersey City--Newark, NY--NJ",63217,3248.12,19426449,87128.0,97800.0,100458.0,105124.0,133631.0,139032.0,126181.0,132649.0,126352.0,137216.0,141554.0,146695.0,143293.0,147382.0,753161.0,859693.0,884108.0,894796.0,893461.0,869727.0,855815.0,859488.0,873212.0,880735.0,905751.0,913584.0,917348.0,927004.0,944539.0
20078,"Metro-North Commuter Railroad Company, dba: MTA Metro-North Railroad (MTA-MNCR)",New York,NY,"New York--Jersey City--Newark, NY--NJ",63217,3248.12,19426449,985236.0,998874.0,1005752.0,1002900.0,1116791.0,1139166.0,1161721.0,1275300.0,1335855.0,1379652.0,1401176.0,1402142.0,1388650.0,1421653.0,1502723.0,1586329.0,1666895.0,1733292.0,1630053.0,1613852.0,1607673.0,1702972.0,1985149.0,2018794.0,2064863.0,2068649.0,2131235.0,2214547.0,2162131.0
20080,New Jersey Transit Corporation (NJ TRANSIT),Newark,NJ,"New York--Jersey City--Newark, NY--NJ",63217,3248.12,19426449,5392977.0,5311736.0,5488857.0,5756554.0,6001967.0,5972277.0,6087205.0,6131485.0,6433605.0,6426070.0,6616375.0,6997940.0,7200851.0,7475730.0,7974670.0,8193589.0,8400803.0,8699586.0,9353609.0,8213011.0,8085466.0,8188722.0,8485153.0,8764073.0,8802202.0,8779019.0,8778719.0,8802804.0,8950906.0
20082,New York City Department of Transportation (NYCDOT),New York,NY,"New York--Jersey City--Newark, NY--NJ",63217,3248.12,19426449,226077.0,418547.0,353119.0,219755.0,218938.0,16389.0,16300.0,16215.0,16532.0,16532.0,16585.0,16532.0,16532.0,16704.0,16782.0,17337.0,45907.0,45976.0,48604.0,48145.0,46530.0,45448.0,45025.0,42654.0,41337.0,42383.0,42229.0,42363.0,39605.0
20084,County of Rockland (TOR) - Public Transportation - Transport of Rockland,New City,NY,"New York--Jersey City--Newark, NY--NJ",63217,3248.12,19426449,54176.0,55205.0,57500.0,57584.0,55298.0,55344.0,64226.0,76669.0,77195.0,80739.0,87541.0,101384.0,106960.0,111001.0,107349.0,136956.0,192847.0,133599.0,134474.0,130984.0,133634.0,131119.0,126521.0,161014.0,160098.0,160821.0,154462.0,155870.0,132020.0
20096,"Putnam County (PART) - Planning, Development & Public Transportation ",Carmel,NY,"New York--Jersey City--Newark, NY--NJ",63217,3248.12,19426449,20401.0,18219.0,21688.0,22045.0,22148.0,23818.0,22047.0,21103.0,19818.0,20330.0,21133.0,22787.0,23190.0,23559.0,24476.0,27260.0,25971.0,26889.0,27312.0,27976.0,28274.0,28210.0,28900.0,29670.0,29555.0,32722.0,32263.0,31997.0,31033.0
20098,Port Authority Trans-Hudson Corporation (PATH),New York,NY,"New York--Jersey City--Newark, NY--NJ",63217,3248.12,19426449,639525.0,629832.0,646523.0,644413.0,645634.0,655064.0,690732.0,698152.0,707751.0,719517.0,640551.0,621502.0,648451.0,704592.0,701521.0,680659.0,679777.0,683051.0,677524.0,681113.0,676763.0,556950.0,548075.0,784026.0,708862.0,707319.0,710458.0,982941.0,992720.0
20099,Staten Island Rapid Transit Operating Authority (SIRTOA),Staten Island,NY,"New York--Jersey City--Newark, NY--NJ",63217,3248.12,19426449,97574.0,81840.0,85970.0,89060.0,87113.0,91295.0,102148.0,101631.0,101888.0,96316.0,101924.0,102060.0,101876.0,103832.0,100034.0,102798.0,103660.0,111826.0,110128.0,109479.0,118407.0,111582.0,119931.0,155527.0,165378.0,175591.0,175611.0,175803.0,170424.0
20100,MTA Long Island Rail Road (MTA LIRR),New York,NY,"New York--Jersey City--Newark, NY--NJ",63217,3248.12,19426449,1681550.0,1659390.0,1662810.0,1714810.0,1744421.0,1766807.0,1723467.0,1839755.0,1785668.0,2982653.0,2206510.0,2046740.0,1975883.0,1991537.0,1956401.0,2040780.0,2110753.0,2190281.0,2225905.0,2019854.0,2006356.0,2038485.0,2113052.0,2079945.0,2129688.0,2175341.0,2125167.0,2098218.0,2207645.0
20122,"Academy Lines, Inc.",Hoboken,NJ,"New York--Jersey City--Newark, NY--NJ",63217,3248.12,19426449,167301.0,167926.0,204984.0,210392.0,218484.0,214938.0,217182.0,286260.0,315218.0,324931.0,417880.0,416943.0,426693.0,384114.0,316108.0,313115.0,308190.0,318344.0,316866.0,317876.0,319904.0,321232.0,250978.0,249443.0,244784.0,242154.0,241240.0,240348.0,230634.0
20126,"Hudson Transit Lines, Inc.",Mahwah,NJ,"New York--Jersey City--Newark, NY--NJ",63217,3248.12,19426449,214769.0,292441.0,276552.0,281090.0,294639.0,322881.0,322930.0,326160.0,331584.0,326126.0,329863.0,333434.0,168272.0,175040.0,191401.0,191477.0,189527.0,191799.0,190377.0,190377.0,198386.0,204910.0,211858.0,210945.0,210984.0,214759.0,215746.0,211638.0,220044.0
20128,Suburban Transit Corporation,New Brunswick,NJ,"New York--Jersey City--Newark, NY--NJ",63217,3248.12,19426449,284374.0,266859.0,273784.0,266976.0,272610.0,255706.0,258240.0,551814.0,549153.0,524984.0,495248.0,417760.0,352837.0,344570.0,339387.0,295405.0,313075.0,277770.0,297779.0,259796.0,270747.0,271718.0,205151.0,198887.0,194335.0,185796.0,188595.0,179742.0,176639.0
20010,Dutchess County - Public Transit Division/Department of Public Works,Poughkeepsie,NY,"Poughkeepsie--Newburgh, NY",71803,209.92,314766,38376.0,39716.0,63848.0,78232.0,58934.0,63458.0,68386.0,72732.0,70330.0,74151.0,75077.0,78722.0,69377.0,68941.0,70774.0,69708.0,69809.0,65682.0,55053.0,55963.0,46767.0,51121.0,53587.0,54531.0,53102.0,59539.0,77530.0,93174.0,92369.0
20018,Central New York Regional Transportation Authority (CNYRTA),Syracuse,NY,"Syracuse, NY",86302,180.53,413660,380125.0,353612.0,341639.0,357791.0,352706.0,294832.0,291863.0,284131.0,283976.0,281584.0,290452.0,327335.0,336093.0,345544.0,347725.0,361600.0,404880.0,392605.0,402457.0,384721.0,380477.0,347927.0,353590.0,351518.0,353146.0,485841.0,493775.0,498399.0,497977.0
20075,Port Authority Transit Corporation (PATCO),Camden,NJ,"Philadelphia, PA--NJ--DE--MD",69076,1898.19,5696125,145054.0,141897.0,147030.0,147259.0,144586.0,140106.0,138516.0,136362.0,141370.0,141303.0,139644.0,142459.0,142972.0,139826.0,136863.0,138317.0,143443.0,146102.0,142656.0,141075.0,147794.0,141785.0,141064.0,131756.0,139278.0,143417.0,140890.0,147702.0,159090.0
30019,Southeastern Pennsylvania Transportation Authority (SEPTA),Philadelphia,PA,"Philadelphia, PA--NJ--DE--MD",69076,1898.19,5696125,5710716.0,5456235.0,5434884.0,5704575.0,5700823.0,5827718.0,5265502.0,5349381.0,5698374.0,6027523.0,5954860.0,6430272.0,6558931.0,6591698.0,6496271.0,6580370.0,6645784.0,6713181.0,6958225.0,6871386.0,6980070.0,7020806.0,6932548.0,7259830.0,7267103.0,7406062.0,7344747.0,7481956.0,7522245.0
30057,Pennsylvania Department of Transportation (PENNDOT),Harrisburg,PA,"Philadelphia, PA--NJ--DE--MD",69076,1898.19,5696125,12064.0,12625.0,12231.0,3898.0,10956.0,10632.0,10644.0,11476.0,11474.0,11512.0,14580.0,14580.0,14560.0,14656.0,14608.0,14608.0,29279.0,36842.0,36780.0,36244.0,36664.0,36664.0,35905.0,61683.0,70781.0,74562.0,74436.0,73943.0,73614.0
20113,Regional Transit Service (RTS) - Monroe County,Rochester,NY,"Rochester, NY",75664,291.83,704327,501821.0,494396.0,449710.0,460115.0,466081.0,474220.0,491925.0,500467.0,495517.0,508266.0,511126.0,521998.0,527877.0,532000.0,542897.0,521397.0,536048.0,534082.0,543946.0,543410.0,535646.0,530978.0,533515.0,544913.0,556564.0,561457.0,569649.0,578242.0,572955.0
30001,Kanawha Valley Regional Transportation Authority (KVRTA),Charleston,WV,"Charleston, WV",15481,92.92,140958,160118.0,161297.0,161184.0,161021.0,171540.0,167807.0,168739.0,167113.0,170025.0,174842.0,174455.0,174422.0,175507.0,176577.0,178625.0,164550.0,164213.0,167219.0,168392.0,166133.0,166811.0,165753.0,165802.0,165021.0,166708.0,157908.0,154242.0,150717.0,145764.0
30002,The Tri-State Transit Authority (TTA),Huntington,WV,"Huntington, WV--KY--OH",40753,128.87,200157,48606.0,48607.0,43445.0,46741.0,52322.0,50242.0,50209.0,56779.0,52447.0,59143.0,62224.0,65304.0,65212.0,72615.0,75076.0,76336.0,75540.0,76669.0,80039.0,77747.0,77667.0,78363.0,78190.0,78823.0,77429.0,77237.0,82747.0,78398.0,77943.0
30006,Greater Richmond Transit Company (GRTC),Richmond,VA,"Richmond, VA",74746,512.35,1059150,456219.0,460593.0,460070.0,421961.0,423109.0,420526.0,431922.0,466985.0,471331.0,470066.0,482737.0,548379.0,555060.0,538698.0,514730.0,562606.0,573616.0,629481.0,656617.0,624080.0,629027.0,623123.0,607124.0,617580.0,633194.0,640682.0,650698.0,600397.0,675246.0
30007,Greater Roanoke Transit Company (GRTC),Roanoke,VA,"Roanoke, VA",75421,125.5,217312,83043.0,88252.0,92819.0,96344.0,111911.0,110879.0,113678.0,114782.0,116480.0,119750.0,125885.0,127572.0,132115.0,136219.0,145746.0,145884.0,150162.0,155201.0,160012.0,144107.0,144598.0,146823.0,143971.0,146554.0,148531.0,148062.0,151311.0,154818.0,150889.0
30008,Greater Lynchburg Transit Company (GLTC),Lynchburg,VA,"Lynchburg, VA",52201,91.6,125596,69742.0,71383.0,71383.0,70122.0,69971.0,65868.0,64696.0,64852.0,65095.0,65119.0,64197.0,73011.0,73858.0,74581.0,75363.0,68965.0,91228.0,92713.0,102484.0,109263.0,102625.0,111855.0,95307.0,100181.0,102626.0,103888.0,104997.0,105718.0,94893.0
30010,Lehigh and Northampton Transportation Authority (LANTA),Allentown,PA,"Allentown--Bethlehem, PA--NJ",01495,261.55,621703,217152.0,216967.0,221220.0,227978.0,244419.0,263263.0,282096.0,313218.0,328490.0,343493.0,351186.0,349632.0,367450.0,383088.0,383932.0,384885.0,405826.0,367100.0,356865.0,367837.0,441665.0,459133.0,482536.0,479289.0,426020.0,413265.0,413005.0,393887.0,391500.0
30011,Altoona Metro Transit,Altoona,PA,"Altoona, PA",01792,37.01,74426,42294.0,41600.0,40950.0,39967.0,39810.0,40735.0,35096.0,46467.0,48077.0,53040.0,49983.0,45850.0,46225.0,43321.0,42277.0,43983.0,43247.0,37960.0,40739.0,42395.0,43943.0,46580.0,45104.0,44260.0,44013.0,44242.0,43583.0,40006.0,47343.0
30012,Cambria County Transit Authority,Johnstown,PA,"Johnstown, PA",43291,34.7,61521,78159.0,73549.0,77664.0,82086.0,78092.0,75536.0,69228.0,68318.0,63051.0,67065.0,74287.0,72875.0,71314.0,63509.0,62868.0,64199.0,65992.0,65804.0,66523.0,86158.0,89269.0,91699.0,100842.0,100186.0,103620.0,102597.0,103657.0,102502.0,102636.0
30013,Erie Metropolitan Transit Authority (EMTA),Erie,PA,"Erie, PA",27766,73.34,187820,127383.0,127286.0,128915.0,165750.0,194251.0,154458.0,155196.0,150632.0,157563.0,190944.0,193528.0,194283.0,195137.0,208915.0,215577.0,220979.0,235282.0,261311.0,251995.0,257263.0,241254.0,246262.0,249174.0,244671.0,247220.0,227433.0,231738.0,226163.0,221821.0
30015,Luzerne County Transportation Authority (LCTA),Kingston,PA,"Scranton, PA",80227,162.16,366713,104117.0,99516.0,89452.0,73054.0,62429.0,65401.0,67841.0,66930.0,69146.0,69596.0,69268.0,68476.0,71020.0,75548.0,75094.0,73603.0,69224.0,74889.0,77480.0,78954.0,80148.0,118412.0,152771.0,140953.0,134965.0,136176.0,133838.0,128790.0,133062.0
30025,County of Lackawanna Transit System (COLTS),Scranton,PA,"Scranton, PA",80227,162.16,366713,94018.0,94326.0,97068.0,80102.0,104524.0,99167.0,83031.0,78350.0,85934.0,88449.0,88987.0,86342.0,86855.0,87111.0,87420.0,86444.0,86680.0,89722.0,91913.0,93355.0,89631.0,94441.0,109724.0,131093.0,129540.0,130870.0,127002.0,138952.0,142686.0
30022,Pittsburgh Regional Transit (PRT),Pittsburgh,PA,"Pittsburgh, PA",69697,906.64,1745039,2170267.0,1973297.0,2064192.0,1957430.0,1970652.0,1996535.0,1932452.0,1977271.0,2223000.0,2350320.0,2396401.0,2437082.0,2303841.0,2296323.0,2281880.0,2212695.0,2190548.0,2587521.0,2603568.0,2587194.0,2505436.0,2354962.0,2288220.0,2306924.0,2358763.0,2404917.0,2405478.0,2425606.0,2382972.0
30023,Beaver County Transit Authority (BCTA),Rochester,PA,"Pittsburgh, PA",69697,906.64,1745039,56004.0,55222.0,56036.0,57141.0,58005.0,59574.0,60814.0,60422.0,59912.0,62401.0,71812.0,72246.0,76004.0,76144.0,79494.0,80448.0,88227.0,85541.0,83492.0,87536.0,85173.0,80659.0,79015.0,79144.0,78744.0,77903.0,76085.0,71051.0,73147.0
30044,Westmoreland County Transit Authority (WCTA),Greensburg,PA,"Pittsburgh, PA",69697,906.64,1745039,18804.0,19344.0,19374.0,21117.0,20860.0,20585.0,20051.0,20103.0,20525.0,41751.0,44294.0,44572.0,44451.0,39143.0,38760.0,41563.0,42468.0,43425.0,46326.0,46383.0,49478.0,50877.0,50859.0,193544.0,165314.0,152378.0,146825.0,141473.0,137909.0
30061,Mid Mon Valley Transit Authority (MMVTA),Charleroi,PA,"Pittsburgh, PA",69697,906.64,1745039,49404.0,53904.0,54705.0,54210.0,54484.0,52126.0,40390.0,41010.0,41522.0,43149.0,44559.0,39731.0,45946.0,45758.0,45756.0,46160.0,45760.0,52617.0,52919.0,52020.0,49539.0,49315.0,48831.0,46632.0,41652.0,43525.0,43456.0,42952.0,42926.0
30026,River Valley Transit Authority (RVTA),Williamsport,PA,"Williamsport, PA",95455,27.72,55344,38769.0,39630.0,43209.0,41004.0,40176.0,40547.0,40374.0,40399.0,41707.0,45482.0,46918.0,50615.0,52315.0,50191.0,48672.0,49778.0,54474.0,54625.0,55606.0,55986.0,53776.0,55467.0,54678.0,55540.0,57354.0,57237.0,57244.0,57843.0,58794.0
30030,Washington Metropolitan Area Transit Authority (WMATA),Washington,DC,"Washington--Arlington, DC--VA--MD",92242,1294.51,5174759,5129493.0,4996145.0,4788638.0,4817068.0,4896931.0,4726186.0,4660668.0,5237881.0,5318270.0,5565180.0,5920064.0,6123786.0,6306633.0,6469549.0,6649134.0,7186841.0,7407903.0,7862592.0,8576181.0,8369269.0,8604581.0,8681663.0,8814709.0,8835003.0,9292546.0,9036931.0,9195623.0,9525483.0,9666812.0
30051,"Montgomery County, Maryland (MCDOT) - Transportation",Rockville,MD,"Washington--Arlington, DC--VA--MD",92242,1294.51,5174759,407612.0,421347.0,457311.0,490588.0,529211.0,557023.0,572102.0,606361.0,546980.0,890896.0,975340.0,1000345.0,1003766.0,1195023.0,1276282.0,1046975.0,1059196.0,1089724.0,1065797.0,1117685.0,1072439.0,1075994.0,971060.0,993927.0,1005302.0,1016081.0,1017012.0,1051439.0,1061712.0
30034,Maryland Transit Administration (MTA),Baltimore,MD,"Baltimore, MD",04843,654.93,2212038,1982388.0,2047094.0,2216144.0,2248195.0,2292063.0,2384011.0,2398820.0,2446580.0,2462989.0,2541570.0,2569240.0,2637947.0,2649692.0,2617224.0,2749631.0,2911099.0,3066979.0,3234154.0,3332142.0,3326249.0,3357545.0,3549928.0,3712849.0,3688596.0,3771194.0,3907776.0,4067049.0,4260025.0,4283186.0
30035,Ohio Valley Regional Transportation Authority (OVRTA / EORTA),Wheeling,WV,"Wheeling, WV--OH",94726,36.81,57695,64502.0,62840.0,63536.0,63000.0,61014.0,61137.0,61002.0,60337.0,59961.0,60237.0,59754.0,59961.0,59340.0,60027.0,59486.0,58092.0,57658.0,58270.0,58016.0,57734.0,57429.0,57370.0,56902.0,57590.0,57113.0,58227.0,58039.0,56154.0,56402.0
30054,Centre Area Transportation Authority (CATA),State College,PA,"State College, PA",84493,25.92,83674,62543.0,51252.0,54239.0,53622.0,54660.0,59995.0,64554.0,76418.0,92179.0,111089.0,129918.0,117522.0,111032.0,110533.0,113513.0,113482.0,115031.0,119535.0,125981.0,124824.0,138304.0,147393.0,148611.0,180061.0,193742.0,200916.0,194701.0,188608.0,188097.0
40001,Chattanooga Area Regional Transportation Authority (CARTA),Chattanooga,TN,"Chattanooga, TN--GA",15832,291.7,398569,137126.0,137015.0,136152.0,146039.0,163563.0,144040.0,138467.0,133392.0,139895.0,145184.0,151310.0,157515.0,161114.0,162554.0,165093.0,179602.0,198826.0,192888.0,191093.0,204986.0,200435.0,176387.0,176960.0,182686.0,206058.0,219956.0,223517.0,224305.0,218129.0
40002,City of Knoxville (KAT) - Mass Transit,Knoxville,TN,"Knoxville, TN",45640,431.91,597257,146918.0,152707.0,160563.0,135606.0,148957.0,165996.0,166532.0,168286.0,178158.0,185346.0,210189.0,231113.0,248028.0,233480.0,255990.0,255470.0,256127.0,255749.0,248973.0,244290.0,224153.0,227174.0,262831.0,231311.0,225448.0,228993.0,229265.0,241868.0,254326.0
40003,City of Memphis (MATA),Memphis,TN,"Memphis, TN--MS--AR",56116,491.27,1056190,449945.0,458720.0,461487.0,474553.0,479919.0,481024.0,508890.0,503731.0,516899.0,544558.0,583297.0,608985.0,546510.0,607375.0,594166.0,581629.0,589875.0,615986.0,601226.0,573323.0,533076.0,508429.0,502710.0,466158.0,433999.0,440559.0,426769.0,427342.0,419384.0
40004,Metropolitan Transit Authority (MTA),Madison,TN,"Nashville-Davidson, TN",61273,584.95,1158642,354516.0,334527.0,330470.0,337219.0,299398.0,336508.0,319615.0,347563.0,332851.0,405233.0,347045.0,342845.0,376460.0,378345.0,382465.0,415148.0,419364.0,466574.0,457574.0,441629.0,480751.0,501160.0,540234.0,596725.0,612776.0,649093.0,697137.0,717858.0,722743.0
40005,City of Asheville (ART) - Asheville Rides Transit (ART) Transit Division / Department of City,Asheville,NC,"Asheville, NC",03358,248.58,285776,55997.0,54102.0,56162.0,56731.0,50888.0,53345.0,59037.0,56341.0,57730.0,57658.0,60550.0,64211.0,68073.0,70697.0,67756.0,69022.0,80558.0,82995.0,75426.0,74508.0,71639.0,70532.0,62975.0,62288.0,64345.0,68588.0,68107.0,76768.0,81023.0
40006,Cape Fear Public Transportation Authority,Wilmington,NC,"Wilmington, NC",95833,142.25,255329,35570.0,34820.0,35485.0,35758.0,35426.0,34633.0,34202.0,38697.0,38827.0,40748.0,47093.0,50175.0,48604.0,56823.0,93598.0,89640.0,92954.0,132925.0,130291.0,145327.0,132879.0,139094.0,114185.0,110761.0,111171.0,116021.0,106976.0,106403.0,100597.0
40007,City of Raleigh - Transit,Raleigh,NC,"Raleigh, NC",73261,554.82,1106646,127490.0,128566.0,134524.0,133143.0,146252.0,149627.0,147840.0,148620.0,112464.0,161430.0,217139.0,159632.0,162728.0,164649.0,164312.0,173877.0,182749.0,198296.0,490825.0,430298.0,416334.0,420381.0,420713.0,414964.0,480285.0,703319.0,523513.0,521036.0,539335.0
40008,City of Charlotte North Carolina (CATS) - Charlotte Area Transit System,Charlotte,NC,"Charlotte, NC--SC",15670,657.61,1379873,372450.0,366724.0,368523.0,381198.0,410518.0,425324.0,430499.0,470804.0,554328.0,765554.0,736747.0,782181.0,879460.0,878125.0,962128.0,970320.0,973232.0,1024190.0,1081328.0,991558.0,993416.0,1023598.0,1019244.0,1022595.0,1072448.0,1097210.0,1093509.0,1089205.0,1138383.0
40009,City of Fayetteville (FAST) - Transit,Fayetteville,NC,"Fayetteville, NC",29440,195.92,325008,45693.0,45693.0,42963.0,45084.0,44983.0,58581.0,70958.0,72044.0,72447.0,93478.0,76336.0,84569.0,79664.0,76376.0,73951.0,78064.0,68419.0,72685.0,76207.0,84570.0,88042.0,93553.0,95948.0,95690.0,115220.0,122873.0,123415.0,127118.0,125406.0
40012,City of Winston Salem (WSTA) - Department of Transportation,Winston Salem,NC,"Winston-Salem, NC",96670,310.79,420924,137787.0,136522.0,146271.0,150281.0,162172.0,158696.0,156679.0,154201.0,165278.0,180138.0,155063.0,157236.0,150239.0,153392.0,159850.0,159936.0,157208.0,157971.0,176911.0,177510.0,180975.0,187087.0,187893.0,193527.0,195680.0,207997.0,206087.0,230753.0,257361.0
40015,"City of Jackson, MS (JTRAN) - Planning/Transit Services",Jackson,MS,"Jackson, MS",42211,237.16,347693,83460.0,79928.0,80461.0,81843.0,87633.0,88496.0,75952.0,78735.0,78135.0,80771.0,83166.0,82069.0,83089.0,83388.0,83236.0,78405.0,79138.0,83616.0,79503.0,86566.0,86210.0,68523.0,74592.0,74226.0,74270.0,71546.0,71102.0,77631.0,77652.0
40017,Lexington Transit Authority,Lexington,KY,"Lexington-Fayette, KY",49582,83.99,315631,133453.0,143096.0,123686.0,114413.0,115340.0,114087.0,117148.0,124756.0,151080.0,151073.0,169854.0,175623.0,178012.0,181832.0,143339.0,183017.0,234754.0,242165.0,250965.0,270676.0,288374.0,287849.0,290343.0,267927.0,286280.0,300360.0,308791.0,329020.0,326670.0
40019,Transit Authority of Northern Kentucky (TANK),Covington,KY,"Cincinnati, OH--KY",16885,752.28,1686744,182362.0,189148.0,181701.0,184567.0,188316.0,215474.0,215296.0,216195.0,224269.0,233547.0,254116.0,263096.0,233632.0,238950.0,235332.0,237133.0,249047.0,264941.0,261511.0,253315.0,256393.0,257240.0,254340.0,259645.0,270839.0,273062.0,277248.0,271319.0,267833.0
50012,Southwest Ohio Regional Transit Authority (SORTA),Cincinnati,OH,"Cincinnati, OH--KY",16885,752.28,1686744,842755.0,860579.0,856729.0,856427.0,913101.0,927044.0,933179.0,939031.0,981335.0,1008418.0,1012629.0,1017071.0,1006247.0,983522.0,947624.0,950495.0,929884.0,929724.0,907704.0,770912.0,773006.0,786513.0,795373.0,820995.0,819354.0,833688.0,844342.0,843832.0,838364.0
40021,City of Albany (ATS) - Albany Transit Department ,Albany,GA,"Albany, GA",00901,66.51,85960,38567.0,38742.0,38345.0,36048.0,35870.0,37510.0,41701.0,46499.0,47320.0,48266.0,49248.0,51367.0,45288.0,45436.0,42332.0,41517.0,41581.0,40731.0,39473.0,38437.0,38854.0,41705.0,37247.0,42039.0,42147.0,42769.0,42254.0,44626.0,46127.0
40022,Metropolitan Atlanta Rapid Transit Authority (MARTA),Atlanta,GA,"Atlanta, GA",03817,2553.04,5100112,2572425.0,2586136.0,2685519.0,2824937.0,2858433.0,2960684.0,3192325.0,3062159.0,3122983.0,3136404.0,3181978.0,3194294.0,3118708.0,3100180.0,2879177.0,2836310.0,3023220.0,3348525.0,3425656.0,3291041.0,2896999.0,2916771.0,2918382.0,2869196.0,3098592.0,3269399.0,3393808.0,3490029.0,3597431.0
40078,Cobb County - Transit Division,Marietta,GA,"Atlanta, GA",03817,2553.04,5100112,88607.0,93270.0,95762.0,117382.0,122480.0,128587.0,118885.0,127288.0,142769.0,143727.0,149775.0,153120.0,155908.0,170922.0,178675.0,190427.0,196040.0,223071.0,228859.0,242534.0,221042.0,193820.0,192006.0,192098.0,198730.0,209473.0,234317.0,238368.0,243887.0
40082,County of Douglas - Department of Transportation,Douglasville,GA,"Atlanta, GA",03817,2553.04,5100112,6249.0,6675.0,7384.0,8192.0,8505.0,9332.0,5745.0,5322.0,5411.0,5878.0,6886.0,7054.0,8111.0,11557.0,14989.0,17987.0,19304.0,23665.0,27386.0,27096.0,28957.0,31487.0,29284.0,26633.0,29759.0,26177.0,25045.0,25130.0,38113.0
40023,Augusta Richmond County Transit Department (AT) - Transit,Augusta,GA,"Augusta-Richmond County, GA--SC",04222,273.29,431480,84400.0,84400.0,91231.0,86012.0,72520.0,71473.0,75872.0,66405.0,56750.0,52308.0,58143.0,58353.0,65380.0,62661.0,63574.0,61614.0,53982.0,54884.0,57094.0,55758.0,54982.0,54900.0,54870.0,55434.0,57306.0,60051.0,58382.0,60702.0,56356.0
40025,Chatham Area Transit Authority (CAT),Savannah,GA,"Savannah, GA",79768,205.85,309466,185263.0,185266.0,233039.0,201064.0,207026.0,213579.0,201845.0,207855.0,209354.0,214232.0,212467.0,216278.0,213065.0,218589.0,226351.0,234385.0,239748.0,243704.0,254603.0,239033.0,257097.0,254538.0,250329.0,238952.0,239769.0,246796.0,255308.0,245502.0,259730.0
40027,Pinellas Suncoast Transit Authority (PSTA),Saint Petersburg,FL,"Tampa--St. Petersburg, FL",86599,968.94,2783045,448783.0,464632.0,534544.0,568526.0,583695.0,542402.0,537566.0,543669.0,538352.0,551648.0,577382.0,587161.0,624774.0,661579.0,679521.0,701847.0,727217.0,756567.0,691433.0,717581.0,704680.0,718029.0,739645.0,744278.0,745879.0,725525.0,891932.0,943788.0,1005391.0
40041,Hillsborough Area Regional Transit Authority (HART),Tampa,FL,"Tampa--St. Petersburg, FL",86599,968.94,2783045,393256.0,380797.0,471235.0,589281.0,719207.0,574236.0,528849.0,605999.0,541423.0,647025.0,560354.0,570537.0,565085.0,571921.0,610657.0,634785.0,678687.0,667902.0,678629.0,701717.0,693670.0,677380.0,699709.0,738805.0,752009.0,770293.0,770116.0,748329.0,804492.0
40074,Pasco County Board of County Commissioners - Pasco County Public Transportation,New Port Richey,FL,"Tampa--St. Petersburg, FL",86599,968.94,2783045,3944.0,5978.0,7468.0,21745.0,39269.0,31742.0,41800.0,44553.0,42710.0,56806.0,55697.0,75612.0,79367.0,78796.0,85419.0,74819.0,83604.0,96214.0,102297.0,95404.0,94704.0,102318.0,109525.0,104369.0,90414.0,117855.0,122980.0,106327.0,115955.0
40028,Lee County - Public Transportation,Fort Myers,FL,"Cape Coral, FL",13510,331.8,599242,89692.0,93029.0,94321.0,108014.0,111094.0,112920.0,138472.0,176764.0,204991.0,225324.0,219247.0,233973.0,242848.0,233913.0,251430.0,264290.0,268672.0,267387.0,257583.0,251952.0,247885.0,253277.0,258604.0,255631.0,268653.0,275871.0,277155.0,296106.0,292210.0
40029,Broward County Board of County Commissioners (BCT),Fort Lauderdale,FL,"Miami--Fort Lauderdale, FL",56602,1244.18,6077522,852037.0,832527.0,866646.0,1086798.0,717055.0,722578.0,1042068.0,1242562.0,1269411.0,1414081.0,1536391.0,1822090.0,2017237.0,2059233.0,1965495.0,1760141.0,1800973.0,1662352.0,1565006.0,1489769.0,1409156.0,1386444.0,1398958.0,1423750.0,1484152.0,1592833.0,1635613.0,1689019.0,1771985.0
40034,County of Miami-Dade (DTPW) - Transportation & Public Works,Miami,FL,"Miami--Fort Lauderdale, FL",56602,1244.18,6077522,1841360.0,1901413.0,2553963.0,2161905.0,2198666.0,2164274.0,2208275.0,2214366.0,2206838.0,2233042.0,2369404.0,2478331.0,2740997.0,3015817.0,3218755.0,3447859.0,4324791.0,4126215.0,3978455.0,3816255.0,3802142.0,3799490.0,3970374.0,3866663.0,3969694.0,4043818.0,4079096.0,3791237.0,3610204.0
40037,"Board of County Commissioners, Palm Beach County",West Palm Beach,FL,"Miami--Fort Lauderdale, FL",56602,1244.18,6077522,187578.0,201275.0,218408.6,228182.0,240728.0,345513.0,539004.0,543732.0,741144.0,754926.0,724027.0,788891.0,829090.0,847157.0,1027917.0,1014860.0,1039757.0,985621.0,930898.0,920004.0,912820.0,931721.0,950204.0,1007917.0,1024843.0,1047899.0,1041604.0,1036005.0,1114113.0
40077,South Florida Regional Transportation Authority (SFRTA),Pompano Beach,FL,"Miami--Fort Lauderdale, FL",56602,1244.18,6077522,38296.0,44268.0,57032.0,60918.0,59573.0,59760.0,72454.0,65746.0,51236.0,51887.0,56199.0,55550.0,56523.0,58888.0,96205.0,88467.0,110049.0,124662.0,135490.0,140992.0,157602.0,166355.0,159988.0,174894.0,180337.0,192549.0,186813.0,184942.0,188353.0
40030,"City of Gainesville, FL (RTS) - Regional Transit System",Gainesville,FL,"Gainesville, FL",32167,87.7,213748,101539.0,112009.0,91801.0,91801.0,92939.0,121912.0,133833.0,134222.0,131645.0,159230.0,173168.0,201284.0,225028.0,246498.0,249181.0,252194.0,266746.0,270302.0,273420.0,278608.0,297524.0,315903.0,321631.0,330561.0,334785.0,340380.0,346578.0,363127.0,356342.0
40031,Lakeland Area Mass Transit District ,Lakeland,FL,"Lakeland, FL",46828,145.93,277915,65011.0,68033.0,67090.0,68946.0,85473.0,89889.0,90771.0,98574.0,102639.0,106519.0,115948.0,118613.0,118816.0,123503.0,119243.0,122671.0,122941.0,111535.0,111328.0,111727.0,106439.0,97441.0,102057.0,113273.0,103492.0,139267.0,142511.0,146598.0,145405.0
40035,Central Florida Regional Transportation Authority (LYNX),Orlando,FL,"Orlando, FL",65863,644.61,1853896,367212.0,575593.0,656741.0,802458.0,927575.0,999367.0,1023265.0,1091077.0,1157161.0,1265239.0,1284263.0,1386953.0,1399488.0,1327504.0,1363379.0,1382676.0,1435122.0,1549475.0,1515935.0,1524265.0,1576812.0,1640660.0,1693383.0,1730506.0,1623658.0,1686623.0,1768242.0,1739004.0,1786525.0
40036,City of Tallahassee - StarMetro,Tallahassee,FL,"Tallahassee, FL",86464,125.46,252934,135695.0,141339.0,143908.0,152494.0,159329.0,167900.0,171164.0,165138.0,164853.0,167521.0,163202.0,169959.0,176099.0,157585.0,168308.0,175639.0,167218.0,187877.0,215117.0,221213.0,251308.0,237937.0,254821.0,258238.0,242234.0,253226.0,240354.0,232728.0,274637.0
40038,"Escambia County Board of County Commissioners, FL (ECAT)",Pensacola,FL,"Pensacola, FL--AL",68482,262.54,390172,93243.0,107418.0,82898.0,84755.0,87287.0,87337.0,102422.0,110589.0,115645.0,123352.0,125359.0,138246.0,127233.0,126177.0,124220.0,129221.0,118890.0,112453.0,126252.0,122078.0,129436.0,130600.0,131952.0,134681.0,146038.0,172198.0,169270.0,175029.0,187658.0
40040,Jacksonville Transportation Authority (JTA),Jacksonville,FL,"Jacksonville, FL",42346,573.27,1247374,438019.0,464595.0,486888.0,507923.0,541067.0,546646.0,545152.0,565160.0,606031.0,690299.0,934589.0,835055.0,842778.0,940315.0,958810.0,951125.0,888398.0,852580.0,808616.0,829883.0,830928.0,828587.0,820407.0,842786.0,859014.0,867556.0,875949.0,900794.0,941704.0
40043,City of Mobile (WTS),Mobile,AL,"Mobile, AL",57925,220.75,321907,129842.0,130149.0,129177.0,125062.0,98079.0,99958.0,99558.0,101278.0,106156.0,110415.0,115772.0,112967.0,131870.0,161025.0,140875.0,143710.0,143903.0,149424.0,142959.0,150218.0,147911.0,146230.0,144000.0,138873.0,143457.0,134116.0,117408.0,118481.0,126834.0
40044,City of Montgomery - Montgomery Transit,Montgomery,AL,"Montgomery, AL",58600,145.1,254348,80150.0,85963.0,85890.0,79625.0,78162.0,54318.0,46407.0,38134.0,36562.0,44147.0,66781.0,74338.0,73076.0,79560.0,83041.0,89575.0,97519.0,107142.0,103994.0,101606.0,93218.0,87442.0,88338.0,86099.0,85388.0,84449.0,88202.0,92220.0,92647.0
40047,Athens-Clarke County Unified Government (ACCTD) - Transit Department,Athens,GA,"Athens-Clarke County, GA",03763,91.85,143213,38502.0,47478.0,48517.0,54429.0,51008.0,52606.0,50538.0,46605.0,45850.0,45876.0,45927.0,53926.0,56642.0,61587.0,61248.0,62099.0,73682.0,73520.0,79754.0,79960.0,77063.0,72538.0,71219.0,70998.0,71241.0,76662.0,77803.0,74631.0,86274.0
40051,Town of Chapel Hill - Transit,Chapel Hill,NC,"Durham, NC",25228,183.36,396118,98748.0,99805.0,99675.0,103065.0,100110.0,97612.0,96328.0,105297.0,110463.0,114195.0,115485.0,146708.0,157708.0,166127.0,171989.0,173033.0,175507.0,191217.0,189279.0,192348.0,190757.0,182575.0,181403.0,179048.0,177033.0,182424.0,181396.0,189833.0,191327.0
40087,City of Durham - Transportation Department,Durham,NC,"Durham, NC",25228,183.36,396118,30563.0,86102.0,98527.0,99832.0,117932.0,126314.0,126391.0,136299.0,168324.0,179733.0,215647.0,193914.0,195591.0,196047.0,199368.0,205977.0,210738.0,240298.0,246372.0,248709.0,265004.0,273426.0,274975.0,272427.0,284074.0,295470.0,305354.0,305763.0,295266.0
40057,Jackson Transit Authority (JTA),Jackson,TN,"Jackson, TN",42265,47.74,72809,28307.0,29995.0,32956.0,33439.0,34922.0,39035.0,39797.0,33256.0,38579.0,46446.0,51340.0,49855.0,44575.0,53567.0,53695.0,56363.0,55393.0,56598.0,58088.0,57586.0,57265.0,52963.0,52283.0,53223.0,52567.0,51614.0,55724.0,54235.0,51022.0
40058,City of Rome (RTD) - Transit Department,Rome,GA,"Rome, GA",76204,44.89,60403,34318.0,33436.0,36215.0,28702.0,26924.0,26985.0,27136.0,30208.0,31242.0,29580.0,28672.0,28305.0,30302.0,30815.0,28928.0,45390.0,45824.0,46482.0,49392.0,37191.0,36897.0,40502.0,40554.0,40143.0,42282.0,42915.0,40421.0,39492.0,40585.0
40063,Brevard Board of County Commissioners (SCAT),Titusville,FL,"Palm Bay--Melbourne, FL",67105,250.55,510675,189082.0,162795.0,162354.0,190564.0,138633.0,216614.0,217123.0,218326.0,130576.0,190928.0,210336.0,220861.0,210347.0,197670.0,197580.0,192194.0,190209.0,194659.0,198433.0,194727.0,192183.0,189935.0,193087.0,193031.0,188287.0,188239.0,187152.0,198567.0,171024.0
40071,"City of Huntsville, Alabama - Public Transit",Huntsville,AL,"Huntsville, AL",40780,214.77,329066,100566.0,93766.0,105910.0,107671.0,104146.0,100632.0,76107.0,106618.0,105103.0,100004.0,84286.0,72660.0,77065.0,75213.0,72014.0,71721.0,69953.0,72195.0,70002.0,69570.0,66109.0,71729.0,72585.0,72717.0,72813.0,73842.0,71109.0,67896.0,73712.0
40086,Metropolitan Bus Authority (MBA),San Juan,PR,"San Juan, PR",79093,763.6,1844410,814633.0,782344.0,634099.0,591776.0,571584.0,544760.0,511056.0,595859.0,663848.0,660263.0,739815.0,741712.0,838561.0,858718.0,825240.0,786500.0,735996.0,715310.0,764334.0,755375.0,681832.0,629316.0,667388.0,589156.0,485299.0,396081.0,374939.0,359096.0,332476.0
50001,City of Appleton - Valley Transit,Appleton,WI,"Appleton, WI",02764,107.78,230967,69549.0,74543.0,85103.0,82653.0,102187.0,97106.0,109200.0,114182.0,117715.0,121603.0,129934.0,115394.0,114503.0,114625.0,114779.0,114403.0,118300.0,123880.0,135300.0,117438.0,101452.0,109374.0,103817.0,107940.0,107452.0,106739.0,106658.0,106895.0,109719.0
50002,City of Green Bay (GBM) - Transit,Green Bay,WI,"Green Bay, WI",34813,113.66,224156,88414.0,90273.0,89832.0,92586.0,109128.0,112808.0,118956.0,129906.0,114346.0,131369.0,132062.0,134513.0,132235.0,132968.0,131790.0,125402.0,118841.0,119130.0,110519.0,109852.0,104378.0,101647.0,98038.0,94945.0,99012.0,100297.0,95197.0,95051.0,101496.0
50004,City of La Crosse (MTU) - Municipal Transit Utility,La Crosse,WI,"La Crosse, WI--MN",45910,42.24,98872,57704.0,59368.0,47565.0,47289.0,46732.0,56248.0,61870.0,64710.0,68337.0,72880.0,79146.0,80174.0,81921.0,84544.0,80856.0,89331.0,95798.0,98656.0,97661.0,96487.0,96247.0,93692.0,89707.0,81247.0,80624.0,81240.0,70506.0,67404.0,67734.0
50005,City of Madison - Metro Transit,Madison,WI,"Madison, WI",53200,149.7,450305,345790.0,380353.0,389941.0,403578.0,389809.0,374476.0,375044.0,422293.0,490945.0,494286.0,477308.0,468139.0,460729.0,465661.0,478483.0,476218.0,480581.0,482018.0,489051.0,490212.0,483194.0,477765.0,489149.0,515452.0,507031.0,507618.0,511751.0,478339.0,460202.0
50008,Milwaukee County (MCTS) - Transportation - Transit,Milwaukee,WI,"Milwaukee, WI",57466,463.68,1306795,1446774.0,1488001.0,1462184.0,1468817.0,1442268.0,1422940.0,1457433.0,1490232.0,1517725.0,1960273.0,1921390.0,1833863.0,1744775.0,1702882.0,1701129.0,1684336.0,1668048.0,1638796.0,1668469.0,1627746.0,1540368.0,1462880.0,1453425.0,1466849.0,1505241.0,1523369.0,1505067.0,1527884.0,1507456.0
50096,City of Waukesha - Transit Commission,Waukesha,WI,"Milwaukee, WI",57466,463.68,1306795,40971.0,42744.0,45026.0,45706.0,46413.0,50485.0,57701.0,60879.0,62658.0,60700.0,66394.0,69559.0,112494.0,107178.0,106484.0,103830.0,100947.0,96693.0,94965.0,94475.0,97929.0,90560.0,85029.0,81957.0,84662.0,84589.0,81900.0,80628.0,79213.0
50010,METRO Regional Transit Authority (METRO),Akron,OH,"Akron, OH",00766,300.64,541879,315029.0,343790.0,364538.0,383263.0,396942.0,375247.0,373271.0,380217.0,400755.0,429066.0,422468.0,391596.0,379991.0,354677.0,354189.0,335581.0,339453.0,331193.0,344139.0,361080.0,379003.0,389562.0,412305.0,425956.0,433660.0,436261.0,441090.0,443459.0,461389.0
50011,Stark Area Regional Transit Authority (SARTA),Canton,OH,"Canton, OH",13375,180.19,295319,91907.0,93619.0,95480.0,104600.0,89956.0,71528.0,80082.0,228810.0,280795.0,278126.0,282742.0,243686.0,218113.0,231016.0,224939.0,223860.0,223398.0,217006.0,209783.0,191772.0,191017.0,193336.0,190878.0,203525.0,208682.0,212902.0,209213.0,210856.0,212464.0
50015,The Greater Cleveland Regional Transit Authority (GCRTA),Cleveland,OH,"Cleveland, OH",17668,713.81,1712178,1749055.0,1643299.0,1564898.0,1598720.0,1898752.0,1964176.0,2044913.0,2134395.0,2200813.0,2227707.0,2165974.0,1899559.0,2050271.0,2005871.0,2116482.0,2005621.0,2023789.0,1932161.0,1825287.0,1509986.0,1517634.0,1581799.0,1713119.0,1772833.0,1817877.0,1802195.0,1754067.0,1714509.0,1688437.0
50117,Laketran,Painesville,OH,"Cleveland, OH",17668,713.81,1712178,101919.0,96532.0,105041.0,114601.0,119286.0,130024.0,136526.0,148358.0,157998.0,167135.0,175291.0,173164.0,172689.0,184905.0,189078.0,177233.0,184600.0,182607.0,156581.0,134714.0,137831.0,140601.0,144543.0,153418.0,162279.0,177290.0,175877.0,182038.0,184302.0
50016,Central Ohio Transit Authority (COTA),Columbus,OH,"Columbus, OH",19234,516.16,1567254,647289.0,661349.0,651236.0,666259.0,679925.0,695044.0,710208.0,733892.0,796557.0,823804.0,863819.0,807820.0,803525.0,759158.0,737956.0,673817.0,693547.0,749231.0,823877.0,875844.0,918022.0,948310.0,1006748.0,1051182.0,1126337.0,1193011.0,1252521.0,1325959.0,1347473.0
50017,Greater Dayton Regional Transit Authority (GDRTA),Dayton,OH,"Dayton, OH",22528,319.89,674046,633293.0,659706.0,631647.0,629844.0,631688.0,661192.0,659770.0,667010.0,676415.0,678143.0,690320.0,668496.0,673041.0,668290.0,681593.0,692332.0,668937.0,633664.0,592397.0,557493.0,558185.0,554286.0,534289.0,544721.0,556717.0,571954.0,567906.0,575664.0,576625.0
50022,Toledo Area Regional Transit Authority (TARTA),Toledo,OH,"Toledo, OH--MI",87868,240.71,497952,349213.0,329454.0,319394.0,292447.0,288439.0,237400.0,236314.0,241835.0,253533.0,261360.0,306989.0,327516.0,312742.0,324906.0,340403.0,330813.0,322617.0,313949.0,328090.0,352053.0,426269.0,407998.0,385895.0,390438.0,413504.0,443345.0,443287.0,426454.0,387112.0
50024,Western Reserve Transit Authority (WRTA),Youngstown,OH,"Youngstown, OH",97831,195.96,320901,98637.0,98787.0,97040.0,99518.0,97722.0,99804.0,100256.0,101241.0,108204.0,116411.0,113929.0,102066.0,99104.0,114323.0,113610.0,111360.0,86404.0,52485.0,85075.0,99850.0,102206.0,105967.0,107869.0,109723.0,107090.0,114704.0,126737.0,129573.0,135457.0
50025,Duluth Transit Authority (DTA),Duluth,MN,"Duluth, MN--WI",24850,66.87,119411,169416.0,154302.0,155553.0,153074.0,154153.0,160602.0,158375.0,158647.0,161003.0,157614.0,154149.0,154404.0,158466.0,143980.0,142256.0,141037.0,141418.0,147962.0,148973.0,148341.0,152044.0,151885.0,150061.0,148706.0,154015.0,162439.0,171553.0,187289.0,179909.0
50027,Metro Transit ,Minneapolis,MN,"Minneapolis--St. Paul, MN",57628,1014.79,2914866,1533601.0,1616992.0,1635568.0,1740260.0,1652070.0,1695044.0,1660139.0,1692391.0,1745882.0,1785455.0,1839659.0,2064977.0,1975529.0,1741889.0,2112009.0,2025915.0,2082115.0,2121628.0,2099374.0,2099383.0,2119737.0,2118620.0,2185234.0,2392470.0,2461613.0,2491127.0,2470810.0,2491050.0,2444673.0
50028,St. Cloud Metropolitan Transit Commission,Saint Cloud,MN,"St. Cloud, MN",77338,53.97,117638,58948.0,65081.0,65593.0,69076.0,74285.0,74686.0,79315.0,80846.0,82606.0,88494.0,93405.0,96042.0,100786.0,103912.0,104835.0,107697.0,108617.0,114063.0,120655.0,123925.0,129482.0,128863.0,128350.0,132172.0,136319.0,138189.0,148392.0,149059.0,154225.0
50029,Bay Metropolitan Transit Authority (BMTA),Bay City,MI,"Bay City, MI",05869,39.93,68472,83690.0,83069.0,84779.0,77501.0,81900.0,81461.0,82200.0,77100.0,84300.0,89800.0,91800.0,94700.0,97476.0,96644.0,94737.0,89537.0,85101.0,84905.0,75814.0,83431.0,88189.0,82391.0,77892.0,76322.0,77440.0,78280.0,74661.0,73870.0,72220.0
50031,Suburban Mobility Authority for Regional Transportation (SMART),Detroit,MI,"Detroit, MI",23824,1284.83,3776890,665497.0,696931.0,707799.0,704236.0,723314.0,714332.0,766740.0,837560.0,883523.0,917619.0,915380.0,935227.0,937115.0,924724.0,926959.0,906668.0,914406.0,888496.0,881911.0,879185.0,885436.0,794538.0,740113.0,748841.0,742717.0,754262.0,731271.0,801510.0,885006.0
50119,City of Detroit (DDOT) - Transportation,Detroit,MI,"Detroit, MI",23824,1284.83,3776890,1710825.0,1624295.0,1469522.0,1449498.0,1384610.0,1360595.0,1541727.0,1790704.0,1725537.0,1591173.0,1562938.0,1613824.0,1667081.0,1806051.0,1422100.0,1290110.0,1295009.0,1362361.0,1163776.0,1130871.0,1792805.0,1566357.0,1449926.0,1450320.0,1503282.0,1634697.0,1043153.0,1059397.0,1071052.0
50141,Detroit Transportation Corporation (DTC),Detroit,MI,"Detroit, MI",23824,1284.83,3776890,45749.0,45749.0,42720.0,42592.0,28950.0,42848.0,38728.0,42720.0,22096.0,34636.0,43228.0,42988.0,23792.0,21965.0,39575.0,52434.0,56932.0,108026.0,91128.0,46294.0,45544.0,47100.0,50373.0,46946.0,47529.0,43872.0,47889.0,48877.0,42954.0
50032,Mass Transportation Authority (MTA),Flint,MI,"Flint, MI",29872,205.46,298964,170837.0,205199.0,344664.30000000005,324816.0,271656.0,294181.0,328389.0,443140.0,515599.0,482284.0,471815.0,448544.0,345916.0,376953.0,424378.0,411252.0,380016.0,454526.0,452606.0,423336.0,391298.0,376252.0,381028.0,383687.0,381552.0,419937.0,465755.0,443651.0,461543.0
50033,Interurban Transit Partnership (ITP),Grand Rapids,MI,"Grand Rapids, MI",34300,274.36,605666,212065.0,214794.0,240501.0,226824.0,237039.0,250388.0,247603.0,271557.0,320946.0,397150.0,445778.0,427311.0,408516.0,397521.0,422041.0,452926.0,491382.0,508887.0,548923.0,557972.0,568887.0,574239.0,585622.0,600180.0,597665.0,592850.0,606068.0,601438.0,627090.0
50034,City of Jackson Transportation Authority (JATA),Jackson,MI,"Jackson, MI",42157,52.03,84307,53224.0,53653.0,54589.0,61721.0,64050.0,65194.0,59567.0,63559.0,66555.0,71918.0,87250.0,82979.0,78873.0,76788.0,78810.0,64969.0,55441.0,51592.0,51248.0,50224.0,49764.0,48757.0,48676.0,47482.0,45049.0,43540.0,41501.0,40976.0,39843.0
50035,Central County Transportation Authority (CCTA),Kalamazoo,MI,"Kalamazoo, MI",43723,109.46,204562,76556.0,76934.0,72774.0,71812.0,79938.0,83448.0,73652.0,99974.0,115523.0,123266.0,127271.0,142683.0,150129.0,151634.0,170663.0,181484.0,177546.0,186784.0,203583.0,178899.0,174999.0,183153.0,189530.0,187674.0,192866.0,149579.0,218940.0,219705.0,223134.0
50036,Capital Area Transportation Authority (CATA),Lansing,MI,"Lansing, MI",47719,155.83,318300,189386.0,190722.0,236562.0,227196.0,229550.0,233078.0,239278.0,245914.0,276968.0,321951.0,364727.0,373563.0,367389.0,369390.0,376294.0,392379.0,397474.0,421065.0,412336.0,417531.0,417747.0,420602.0,421720.0,425565.0,476647.0,445701.0,439501.0,459095.0,487788.0
50040,Ann Arbor Area Transportation Authority (AAATA),Ann Arbor,MI,"Ann Arbor, MI",02602,143.45,317689,271264.0,281699.0,276446.0,281568.0,290346.0,289547.0,285220.0,281751.0,272432.0,277476.0,284998.0,288437.0,278687.0,286890.0,292087.0,297378.0,290196.0,293206.0,299109.0,288957.0,283633.0,314149.0,309373.0,324280.0,353368.0,411032.0,442968.0,442158.0,476536.0
50043,City of Evansville (METS) - Metropolitan Evansville Transit System,Evansville,IN,"Evansville, IN",28333,112.75,206855,92714.0,89099.0,87730.0,88037.0,88037.0,89312.0,89382.0,90596.0,98192.0,104632.0,106223.0,100116.0,101504.0,102324.0,103340.0,104108.0,117218.0,117461.0,108762.0,106863.0,109791.0,114809.0,113544.0,120643.0,121626.0,122561.0,118658.0,121257.0,122020.0
50044,Fort Wayne Public Transportation Corporation (FWPTC),Fort Wayne,IN,"Fort Wayne, IN",31087,163.6,335934,116472.0,105508.0,78829.0,80324.0,84908.0,86675.0,87590.0,86249.0,92028.0,98714.0,107602.0,116641.0,116641.0,123639.0,127036.0,128423.0,132810.0,129713.0,125225.0,124011.0,121329.0,122698.0,126591.0,126958.0,127294.0,135085.0,140398.0,128380.0,131796.0
50045,Gary Public Transportation Corporation (GPTC),Gary,IN,"Chicago, IL--IN",16264,2337.89,8671746,90163.0,95516.0,102179.0,105489.0,102218.0,101476.0,131993.0,116542.0,123399.0,95446.0,94370.0,75876.0,70407.0,77137.0,87214.0,69629.0,62811.0,74084.0,79150.0,70506.0,47241.0,56628.0,58918.0,59017.0,63503.0,64271.0,61704.0,72616.0,71898.0
50066,Chicago Transit Authority (CTA),Chicago,IL,"Chicago, IL--IN",16264,2337.89,8671746,9694118.0,9285978.0,8711095.0,9176014.0,9039753.0,9113468.0,9042924.0,9509983.0,9679966.0,9722334.0,10117876.0,10990111.0,11248586.0,11305058.0,11598523.0,10979653.0,10610103.0,10851264.0,10740901.0,9435662.0,9142452.0,9233865.0,9584317.0,9515204.0,9693529.0,9763811.0,9861626.0,9862263.0,9879254.0
50104,Northern Indiana Commuter Transportation District (NICTD),Chesterton,IN,"Chicago, IL--IN",16264,2337.89,8671746,55398.0,55280.0,57236.0,58053.0,59121.0,76316.0,77481.0,76046.0,78582.0,80113.0,84680.0,85379.0,87573.0,88696.0,92460.0,93832.0,95360.0,98871.0,99554.0,94747.0,96470.0,102883.0,104658.0,103661.0,112543.0,117214.0,115659.0,124045.0,128077.0
50113,"Pace, the Suburban Bus Division of the Regional Transportation Authority",Arlington Heights,IL,"Chicago, IL--IN",16264,2337.89,8671746,1454996.0,1538891.0,1597241.0,1466577.0,1543594.0,1596794.0,1768365.0,1850190.0,1862693.0,1908589.0,1956806.0,2160977.0,2206934.0,2251033.0,2310530.0,3038641.0,2067367.0,2108071.0,2120641.0,2092781.0,2075124.0,2100736.0,2128430.0,2159586.0,2223983.0,2221383.0,2321303.0,2298427.0,2232446.0
50118,Northeast Illinois Regional Commuter Railroad Corporation,Chicago,IL,"Chicago, IL--IN",16264,2337.89,8671746,447023.0,475439.0,473796.0,475996.0,1005350.0,1064371.0,1096457.0,1114589.0,1131023.0,1160477.0,1186142.0,1198109.0,1220638.0,1240471.0,1237461.0,1326595.0,1372893.0,1383264.0,1394322.0,1397021.0,1394927.0,1402260.0,1410016.0,1424749.0,1424298.0,1429448.0,1437803.0,1452101.0,1507232.0
50047,Bloomington-Normal Public Transit System,Normal,IL,"Bloomington--Normal, IL",08407,50.36,134100,54855.0,55584.0,54920.0,55066.0,52524.0,55376.0,56923.0,60352.0,56334.0,57849.0,61497.0,61884.0,62038.0,66828.0,97143.0,82711.0,79568.0,93753.0,102317.0,109597.0,110056.0,111136.0,110399.0,115170.0,117331.0,118794.0,141078.0,141210.0,139274.0
50050,Indianapolis and Marion County Public Transportation (IPTC),Indianapolis,IN,"Indianapolis, IN",41212,722.55,1699881,392670.0,354815.0,397090.0,420730.0,418729.0,491687.0,496902.0,540298.0,465549.0,561342.0,564900.0,574098.0,617148.0,599678.0,572724.0,614843.0,620974.0,654179.0,641592.0,627561.0,623773.0,624456.0,655196.0,665120.0,674027.0,696191.0,712594.0,759504.0,788675.0
50051,Greater Lafayette Public Transportation Corporation (GLPTC),Lafayette,IN,"Lafayette, IN",46018,68.74,157100,89732.0,90835.0,89701.0,93931.0,91336.0,87636.0,88916.0,94387.0,105926.0,112496.0,116547.0,123051.0,117887.0,121436.0,125324.0,127552.0,130542.0,136912.0,140045.0,150061.0,141323.0,141232.0,149812.0,140568.0,141089.0,145884.0,148003.0,150467.0,155242.0
50052,South Bend Public Transportation Corporation,South Bend,IN,"South Bend, IN--MI",83116,147.93,278921,121583.0,119411.0,118969.0,113743.0,122000.0,126643.0,123181.0,124294.0,124137.0,138910.0,124761.0,117158.0,122636.0,127296.0,130017.0,133223.0,140572.0,140702.0,139678.0,127509.0,128519.0,117421.0,112600.0,113455.0,117062.0,117004.0,118290.0,120701.0,125298.0
50053,City of Terre Haute (THTU) - Transit,Terre Haute,IN,"Terre Haute, IN",87139,46.83,79862,35541.0,36421.0,32746.0,29464.0,29210.0,26416.0,28336.0,20493.0,24288.0,25095.0,31878.0,32000.0,35391.0,41076.0,37399.0,36322.0,37636.0,47820.0,45399.0,55923.0,42520.0,44682.0,54600.0,48905.0,43063.0,40858.0,40792.0,40334.0,37945.0
50054,Muncie Indiana Transit System (MITS),Muncie,IN,"Muncie, IN",60625,48.2,84382,78833.0,77252.0,80144.0,80320.0,79693.0,78784.0,77962.0,77940.0,81448.0,86875.0,90565.0,87216.0,87125.0,89707.0,90342.0,92804.0,91197.0,86048.0,81178.0,77920.0,75997.0,78466.0,79799.0,78934.0,78414.0,77151.0,75959.0,73182.0,72755.0
50056,Greater Peoria Mass Transit District (GPMTD),Peoria,IL,"Peoria, IL",68509,145.79,259781,125206.0,131164.0,127596.0,129332.0,85847.0,87200.0,115572.0,98652.0,105816.0,102762.0,105160.0,120302.0,134726.0,140690.0,175021.0,175962.0,182273.0,180752.0,173000.0,160397.0,162681.0,170321.0,168627.0,171182.0,184322.0,186964.0,180068.0,177014.0,191243.0
50057,Rock Island County Metropolitan Mass Transit District (MetroLink),Moline,IL,"Davenport, IA--IL",22366,134.86,285211,102954.0,118243.0,121014.0,120712.0,116648.0,128019.0,131239.0,136500.0,147353.0,151508.0,154916.0,173916.0,164236.0,147162.0,139035.0,156676.0,157506.0,162204.0,171452.0,186568.0,166143.0,168618.0,170588.0,170732.0,169268.0,172909.0,172859.0,177825.0,172778.0
50058,Rockford Mass Transit District (RMTD),Rockford,IL,"Rockford, IL",75718,133.81,276443,88268.0,89010.0,89375.0,94440.0,108357.0,96128.0,92663.0,94789.0,95089.0,95903.0,109853.0,113530.0,117697.0,119111.0,122950.0,122316.0,121862.0,131303.0,137478.0,134062.0,134866.0,142887.0,139388.0,143800.0,145683.0,145819.0,144588.0,148684.0,153145.0
50059,Springfield Mass Transit District (SMTD),Springfield,IL,"Springfield, IL",83899,81.74,159265,95267.0,102088.0,109688.0,117152.0,112440.0,118554.0,112836.0,101988.0,106911.0,110456.0,112815.0,111663.0,112034.0,112368.0,114536.0,117373.0,118585.0,121876.0,125477.0,132621.0,136245.0,136338.0,133387.0,137881.0,140522.0,135096.0,138201.0,137154.0,147934.0
50060,Champaign-Urbana Mass Transit District (C-U MTD),Urbana,IL,"Champaign, IL",15211,46.52,147452,157286.0,161164.0,164387.0,180004.0,179860.0,178920.0,195230.0,221692.0,223982.0,239034.0,240487.0,244826.0,243126.0,245580.0,245594.0,244758.0,250062.0,261800.0,271508.0,283838.0,295533.0,295285.0,296256.0,300405.0,299382.0,308863.0,310032.0,318418.0,320517.0
50061,"City of Decatur, Il (DPTS) - Transportation Services Department",Decatur,IL,"Decatur, IL",22717,55.11,86287,51597.0,58968.0,63769.0,59963.0,59451.0,61162.0,57723.0,55465.0,55798.0,43884.0,42459.0,62142.0,77313.0,84303.0,79228.0,79609.0,79159.0,79987.0,80911.0,81452.0,80189.0,82343.0,83062.0,82986.0,81415.0,79769.0,80110.0,78303.0,76652.0
50092,"City of Rochester, Minnesota (RPT) - Public Transit",Rochester,MN,"Rochester, MN",75637,51.59,121587,41860.0,43536.0,47390.0,48592.0,48224.0,45747.0,45217.0,48965.0,56515.0,61982.0,63034.0,63493.0,63112.0,72581.0,72060.0,71925.0,72870.0,74953.0,74663.0,75556.0,77258.0,76697.0,78653.0,82938.0,87270.0,86499.0,97446.0,112076.0,132686.0
50099,City of Eau Claire (ECT) - Transit,Eau Claire,WI,"Eau Claire, WI",26038,62.5,105475,41806.0,41973.0,42580.0,43320.0,43336.0,44745.0,52260.0,59421.0,64473.0,72120.0,70923.0,84059.0,86585.0,81870.0,84854.0,88553.0,79590.0,81947.0,84260.0,81985.0,82838.0,93376.0,88502.0,82697.0,85314.0,81737.0,76447.0,73704.0,67055.0
50110,Bloomington Public Transportation Corporation (BT),Bloomington,IN,"Bloomington, IN",08380,43.04,110103,46027.0,47045.0,48396.0,47920.0,48181.0,48627.0,50980.0,60863.0,61652.0,71822.0,81903.0,83793.0,86750.0,88225.0,91206.0,99392.0,101128.0,106709.0,106072.0,103386.0,103801.0,107895.0,107448.0,107244.0,110500.0,109627.0,108567.0,109923.0,110468.0
60006,City of El Paso - Mass Transit Department,El Paso,TX,"El Paso, TX--NM",27253,255.88,854584,399686.0,425840.0,465512.0,525334.0,552422.0,584775.0,564787.0,557291.0,609197.0,620030.0,616637.0,631243.0,663671.0,664286.0,643925.0,647653.0,633531.0,640389.0,651099.0,677798.0,675114.0,700220.0,712932.0,711553.0,716372.0,745001.0,739466.0,709900.0,666338.0
60007,Fort Worth Transportation Authority (FWTA),Fort Worth,TX,"Dallas--Fort Worth--Arlington, TX",22042,1746.9,5732354,366302.0,389523.0,416505.0,540760.0,481159.0,532830.0,542373.0,522747.0,546285.0,520390.0,575055.0,603372.0,531301.0,485631.0,545033.0,548090.0,548256.0,563528.0,578077.0,541459.0,532669.0,551586.0,594778.0,588286.0,540026.0,544867.0,566453.0,624169.0,710333.0
60041,City of Arlington (ADOT) - Transportation Department,Arlington,TX,"Dallas--Fort Worth--Arlington, TX",22042,1746.9,5732354,24478.0,25381.0,27566.0,29591.0,30875.0,34721.0,39650.0,43109.0,44783.0,44127.0,44776.0,43595.0,47274.0,45699.0,44110.0,44269.0,44269.0,49581.0,42280.0,44152.0,41359.0,55229.0,52957.0,52543.0,57344.0,57220.0,52672.0,73893.0,110039.0
60056,Dallas Area Rapid Transit (DART),Dallas,TX,"Dallas--Fort Worth--Arlington, TX",22042,1746.9,5732354,1622983.0,1848027.0,1845444.0,1833897.0,1904905.0,1605821.0,1756239.0,1796473.0,1768018.0,1789971.0,1657804.0,1756704.0,2529694.0,2345901.0,2448256.0,2299127.0,2758152.0,2808868.0,2815943.0,2908228.0,2966976.0,3068116.0,3194352.0,3130406.0,3199236.0,3253786.0,3307902.0,3381064.0,3539625.0
60008,"Metropolitan Transit Authority of Harris County, Texas ",Houston,TX,"Houston, TX",40429,1752.69,5853575,2595038.0,2673076.0,2731691.0,2814952.0,2895620.0,2985938.0,2689896.0,2621189.0,2702996.0,2864489.0,2968823.0,2993065.0,2972208.0,3928641.0,3778800.0,3744741.0,3806349.0,3897642.0,3998053.0,4035183.0,4110632.0,4120555.0,4165228.0,4278060.0,4500013.0,4865487.0,4798694.0,4931237.0,5000218.0
60009,City of Laredo ,Laredo,TX,"Laredo, TX",47854,64.2,251462,90168.0,99979.0,125782.0,127939.0,137607.0,148778.0,145904.0,145775.0,172508.0,169450.0,172759.0,180752.0,178648.0,178439.0,191843.0,195552.0,192157.0,184248.0,176479.0,179276.0,180330.0,175935.0,175610.0,177071.0,176342.0,174606.0,175455.0,173090.0,172947.0
60010,City of Lubbock,Lubbock,TX,"Lubbock, TX",51877,106.27,272280,98353.0,102619.0,106222.0,102422.0,101311.0,103203.0,113938.0,128348.0,157128.0,124890.0,157815.0,138274.0,141302.0,141367.0,145494.0,141092.0,159470.0,158348.0,160385.0,175049.0,170891.0,175101.0,182429.0,182389.0,180390.0,181650.0,184439.0,182779.0,183017.0
60011,VIA Metropolitan Transit,San Antonio,TX,"San Antonio, TX",78580,613.44,1992689,1477583.0,1622372.0,1740456.0,1821674.0,2012612.0,1749234.0,1682371.0,1762919.0,1861264.0,1867458.0,1829112.0,1821268.0,1769398.0,1746157.0,1702595.0,1770146.0,1878393.0,1980984.0,2009487.0,2008332.0,2056865.0,2094402.0,2076944.0,2106973.0,2191927.0,2261173.0,2287363.0,2351316.0,2435693.0
60012,City of Waco (WTS) - Transit System,Waco,TX,"Waco, TX",91027,89.88,192844,29036.0,29356.0,31280.0,39844.0,39020.0,45105.0,45096.0,47180.0,50060.0,55510.0,50593.0,53873.0,49963.0,51568.0,54462.0,56879.0,57937.0,60522.0,62146.0,64659.0,67627.0,65798.0,66291.0,66417.0,72135.0,76987.0,75453.0,78629.0,90787.0
60016,City of Beaumont (BMT) - Transit,Beaumont,TX,"Beaumont, TX",06058,96.1,146649,44829.0,44948.0,48105.0,48576.0,49132.0,52799.0,52683.0,52296.0,59869.0,60290.0,60239.0,56406.0,54458.0,62321.0,60844.0,59697.0,61498.0,59488.0,62907.0,64210.0,60642.0,60435.0,60793.0,60516.0,60520.0,60850.0,58070.0,63181.0,62677.0
60017,Central Oklahoma Transportation and Parking Authority (COTPA),Oklahoma City,OK,"Oklahoma City, OK",65080,421.73,982276,199576.0,220677.0,220785.0,208066.0,207066.0,200209.0,205834.0,199251.0,195102.0,209332.0,275342.0,243984.0,283232.0,291560.0,230209.0,221560.0,214963.0,197830.0,204342.0,195422.0,190019.0,192572.0,197132.0,200630.0,215598.0,225460.0,223225.0,219382.0,240261.0
60018,Metropolitan Tulsa Transit Authority (MTTA),Tulsa,OK,"Tulsa, OK",88948,338.32,722810,217159.0,231991.0,243819.0,251282.0,263295.0,257685.0,291397.0,311757.0,310237.0,329660.0,344432.0,310206.0,277591.0,218932.0,234287.0,262282.0,278006.0,265844.0,289044.0,261953.0,246230.0,241724.0,254141.0,254937.0,245413.0,249174.0,245872.0,248317.0,246105.0
60019,City of Albuquerque - Transit Department,Albuquerque,NM,"Albuquerque, NM",01171,263.07,769837,414365.0,370900.0,368052.0,273630.0,291433.0,287006.0,298896.0,320827.0,285123.0,316167.0,385385.0,359299.0,331124.0,304922.0,348509.0,385773.0,387902.0,479216.0,477194.0,481503.0,494452.0,501621.0,504607.0,512646.0,516869.0,519652.0,526011.0,529778.0,525038.0
60022,Capital Area Transit System (CATS),Baton Rouge,LA,"Baton Rouge, LA",05680,396.34,631326,105549.0,98988.0,96913.0,106850.0,110590.0,123183.0,124032.0,139611.0,201628.0,243318.0,234022.0,203396.0,187194.0,184964.0,200193.0,307719.0,220517.0,197856.0,198515.0,171414.0,166415.0,167571.0,184511.0,272123.0,310681.0,293138.0,298404.0,297352.0,290865.0
60024,City of Shreveport - Shreveport Area Transit System,Shreveport,LA,"Shreveport, LA",81739,180.84,288052,135341.0,143276.0,148382.0,153099.0,154213.0,153655.0,151362.0,153839.0,154269.0,157106.0,148353.0,148020.0,148411.0,148629.0,149811.0,176647.0,180106.0,181024.0,179890.0,180151.0,178301.0,180512.0,191955.0,180326.0,178103.0,181328.0,183415.0,191752.0,195542.0
60033,Rock Region Metropolitan Transit Authority,North Little Rock,AR,"Little Rock, AR",50392,267.82,461864,140296.0,136168.0,135884.0,161416.0,171471.0,179576.0,180812.0,182535.0,186001.0,188960.0,207657.0,190928.0,182251.0,189379.0,196682.0,194732.0,199789.0,200184.0,207147.0,204290.0,210903.0,209375.0,221438.0,221342.0,219325.0,222501.0,219717.0,211246.0,209425.0
60038,Lafayette City-Parish Consolidated Government (LTS),Lafayette,LA,"Lafayette, LA",46045,161.2,227316,48336.0,45300.0,45843.0,48543.0,52904.0,54268.0,56656.0,55763.0,56891.0,54414.0,55843.0,57605.0,54002.0,59915.0,62783.0,62934.0,59901.0,60694.0,64129.0,64831.0,67790.0,69464.0,69160.0,71545.0,72270.0,77479.0,77538.0,77236.0,76000.0
60051,Corpus Christi Regional Transportation Authority (CCRTA),Corpus Christi,TX,"Corpus Christi, TX",20287,129.27,339066,259304.0,214442.0,230618.0,235054.0,248842.0,267989.0,258374.0,255547.0,253562.0,541779.0,265413.0,267775.0,271948.0,272012.0,271744.0,267589.0,266598.0,265418.0,274687.0,280518.0,282612.0,296406.0,296654.0,330722.0,346718.0,359996.0,347994.0,355786.0,362916.0
60059,Brazos Transit District (BTD),Bryan,TX,"College Station--Bryan, TX",18748,81.63,206137,26041.0,41098.0,41538.0,41377.0,30069.0,34048.0,44854.0,35313.0,33768.0,42926.0,34776.0,33432.0,45543.0,43883.0,44342.0,49187.0,47371.0,161494.0,172382.0,176132.0,155485.0,141796.0,117820.0,119611.0,102221.0,91723.0,85457.0,86794.0,97054.0
70001,City of Lincoln - Transportation & Utilities,Lincoln,NE,"Lincoln, NE",49933,94.17,291217,129489.0,126183.0,114187.0,113339.0,116298.0,117972.0,114828.0,115575.0,117114.0,116867.0,122359.0,126868.0,122757.0,129752.0,128100.0,130048.0,133834.0,131976.0,127840.0,128687.0,124932.0,125952.0,133324.0,138382.0,137796.0,145400.0,160681.0,163369.0,163340.0
70002,Transit Authority of Omaha,Omaha,NE,"Omaha, NE--IA",65269,270.81,819508,326701.0,315377.0,318244.0,319946.0,320359.0,316260.0,321639.0,324662.0,302868.0,304421.0,295941.0,318996.0,295818.0,320842.0,303453.0,308341.0,311917.0,321308.0,331228.0,344811.0,352111.0,341235.0,339775.0,338938.0,341510.0,352600.0,342343.0,335559.0,337425.0
70003,City of Springfield,Springfield,MO,"Springfield, MO",83953,134.33,282651,87272.0,86090.0,83357.0,82827.0,83085.0,83753.0,71607.0,72326.0,71426.0,77230.0,77867.0,82209.0,82062.0,80856.0,81102.0,81513.0,81315.0,82028.0,84501.0,85342.0,86591.0,85473.0,85887.0,85516.0,83302.0,84950.0,82771.0,83721.0,84471.0
70005,Kansas City Area Transportation Authority (KCATA),Kansas City,MO,"Kansas City, MO--KS",43912,714.1,1674218,625465.0,622441.0,617011.0,647662.0,584632.0,585980.0,592330.0,636711.0,658610.0,690264.0,700923.0,650264.0,614804.0,632164.0,747208.0,781737.0,791583.0,797028.0,858091.0,809558.0,819801.0,808664.0,797315.0,791290.0,787867.0,790387.0,776004.0,773467.0,765585.0
70035,Johnson County Kansas (JCT) - Transit,Olathe,KS,"Kansas City, MO--KS",43912,714.1,1674218,51163.0,57071.0,56896.0,57404.0,60706.0,70695.0,73316.0,67458.0,70284.0,80328.0,78761.0,72433.0,76646.0,76409.0,77666.0,79451.0,90984.0,92733.0,95292.0,95292.0,104674.0,100064.0,89668.0,79979.0,81299.0,88502.0,96948.0,102379.0,108097.0
70006,Bi-State Development Agency of the Missouri-Illinois Metropolitan District,Saint Louis,MO,"St. Louis, MO--IL",77770,910.37,2156323,1336944.0,1386175.0,1402967.0,1471834.0,1502096.0,1501674.0,1508143.0,1494094.0,1499661.0,1517225.0,1555315.0,1533874.0,1523680.0,1759471.0,1726465.0,1695748.0,1805438.0,1887818.0,1843613.0,1692380.0,1889715.0,1931711.0,1928797.0,1937845.0,1934095.0,1951119.0,1955503.0,1955684.0,1928360.0
70008,City of Cedar Rapids (CRT) - Transit Division,Cedar Rapids,IA,"Cedar Rapids, IA",14752,86.03,192844,82962.0,82829.0,87212.0,86116.0,88100.0,79333.0,81901.0,87761.0,88964.0,91591.0,92098.0,94598.0,96773.0,93598.0,97147.0,99229.0,105724.0,106960.0,103003.0,102237.0,102729.0,91193.0,89688.0,86895.0,84700.0,85170.0,96840.0,97656.0,94708.0
70010,Des Moines Area Regional Transit Authority (DART),Des Moines,IA,"Des Moines, IA",23743,224.74,542486,153412.0,151022.0,135924.0,138058.0,137725.0,146961.0,167862.0,163437.0,168811.0,216939.0,223912.0,230653.0,236735.0,231095.0,243295.0,250622.0,258060.0,284242.0,301065.0,301426.0,281796.0,278544.0,284878.0,307159.0,307747.0,302173.0,300788.0,307483.0,316948.0
70014,Topeka Metropolitan Transit Authority (TMTA),Topeka,KS,"Topeka, KS",88084,84.24,148956,60821.0,61658.0,65169.0,67330.0,67789.0,68526.0,70242.0,73862.0,80277.0,81874.0,80525.0,85331.0,86437.0,86603.0,89317.0,96497.0,98474.0,95803.0,99035.0,94287.0,91153.0,83303.0,78011.0,77160.0,75325.0,75516.0,78953.0,76505.0,87291.0
70015,City of Wichita (WT) - Transportation,Wichita,KS,"Wichita, KS",95077,226.84,500231,148189.0,138976.0,141410.0,153867.0,152772.0,153616.0,132416.0,172824.0,175543.0,191426.0,223235.0,232085.0,198872.0,197408.0,196728.0,195042.0,198414.0,216626.0,216986.0,309722.0,289437.0,170834.0,170757.0,157351.0,157860.0,162874.0,145977.0,153704.0,155850.0
70016,City of Columbia (COMO) - GoCOMO,Columbia,MO,"Columbia, MO",18937,67.2,141831,18290.0,18301.0,19630.0,40682.0,37958.0,37571.0,40523.0,41143.0,45580.0,44650.0,44956.0,44697.0,45152.0,45876.0,45634.0,46122.0,80922.0,76384.0,77510.0,84277.0,84236.0,86858.0,92196.0,100820.0,100000.0,103109.0,102714.0,96777.0,80518.0
70018,City of Iowa City (ICT) - Transit,Iowa City,IA,"Iowa City, IA",41590,50.83,126810,62513.0,64842.0,65921.0,66833.0,71386.0,72116.0,65908.0,62801.0,61447.0,61479.0,59909.0,65301.0,63571.0,62535.0,65370.0,65919.0,70939.0,78738.0,80122.0,56352.0,56725.0,56522.0,54536.0,54188.0,53845.0,54403.0,54636.0,53954.0,89101.0
70019,University of Iowa (CAMBUS) - Parking and Transportation Department,Iowa City,IA,"Iowa City, IA",41590,50.83,126810,54349.0,57118.0,58234.0,57356.0,59642.0,61115.0,60967.0,61323.0,64470.0,65996.0,69182.0,67871.0,71300.0,72491.0,73245.0,72973.0,74482.0,74576.0,79022.0,80777.0,82627.0,82455.0,83059.0,84636.0,78532.0,82420.0,80877.0,81847.0,82072.0
80001,Utah Transit Authority (UTA),Salt Lake City,UT,"Salt Lake City, UT",78499,300.42,1178533,868303.0,891199.0,930403.0,982946.0,1008341.0,1042811.0,1075097.0,1076648.0,1132290.0,1331838.0,1347906.0,1501405.0,1493406.0,1482974.0,1528887.0,1580074.0,1557605.0,1635403.0,1672714.0,1577189.0,1661932.0,1775910.0,1950913.0,1936395.0,1911501.0,1984000.0,2110811.0,2160581.0,2236481.0
80002,City of Sioux Falls (SAM),Sioux Falls,SD,"Sioux Falls, SD",82252,67.9,194283,61427.0,59438.0,74913.0,76008.0,75853.0,73612.0,76798.0,81779.0,80105.0,89437.0,98989.0,98843.0,95892.0,90848.0,98509.0,101546.0,95585.0,102024.0,104124.0,109301.0,110740.0,111205.0,109819.0,115823.0,114887.0,110847.0,108620.0,104853.0,105168.0
80004,City of Billings (MET) - MET Transit,Billings,MT,"Billings, MT",07705,54.7,128787,59480.0,59743.0,59667.0,60019.0,60054.0,54594.0,53604.0,54644.0,55694.0,55593.0,51895.0,54066.0,53401.0,54433.0,53891.0,53767.0,55731.0,55061.0,54999.0,55164.0,55395.0,61023.0,57528.0,51461.0,50748.0,51005.0,47430.0,51860.0,53749.0
80005,"City of Colorado Springs (MMT) - Public Works, Transit Division",Colorado Springs,CO,"Colorado Springs, CO",18856,200.36,632494,157903.0,182055.0,198169.0,205359.0,233459.0,246330.0,242387.0,241004.0,236848.0,241739.0,245779.0,253330.0,233858.0,233847.0,229038.0,310619.0,335167.0,360919.0,308170.0,250522.0,263452.0,250391.0,238519.0,248147.0,247356.0,264178.0,277073.0,290489.0,287521.0
80006,Denver Regional Transportation District (RTD),Denver,CO,"Denver--Aurora, CO",23527,644.54,2686147,1633490.0,1550229.0,1626432.0,1685864.0,1876320.0,1981668.0,1874461.0,1640692.0,2217047.0,2393073.0,2619302.0,3197768.0,3227321.0,3318619.0,3407661.0,3597449.0,3973602.0,4038228.0,3842515.0,3817991.0,3822198.0,3773034.0,3843838.0,4020666.0,4103824.0,4267263.0,4395332.0,4381520.0,4516100.0
80007,City of Pueblo (PT) - Pueblo Transit,Pueblo,CO,"Pueblo, CO",72613,54.7,120642,37647.0,36612.0,37510.0,37966.0,38780.0,38912.0,39219.0,42678.0,49793.0,50840.0,49360.0,49255.0,50479.0,56176.0,59580.0,58795.0,54096.0,56807.0,52914.0,61309.0,58904.0,62136.0,61477.0,59622.0,59875.0,59921.0,61913.0,60103.0,59875.0
80008,City of Grand Forks (CAT) - Cities Area Transit,Grand Forks,ND,"Grand Forks, ND--MN",34219,26.48,68160,31752.0,32778.0,32904.0,32824.0,33745.0,30980.0,29384.0,31024.0,32512.0,35125.0,35020.0,40114.0,38328.0,36682.0,36586.0,33792.0,42271.0,60871.0,65729.0,51487.0,47595.0,45975.0,45234.0,45261.0,44487.0,47609.0,49394.0,54814.0,56221.0
80009,Missoula Urban Transportation District (MUTD),Missoula,MT,"Missoula, MT",57736,44.29,88109,42770.0,42258.0,41227.0,43345.0,44918.0,46776.0,40650.0,41914.0,42322.0,42098.0,45968.0,45078.0,45798.0,48084.0,45926.0,50079.0,50490.0,49748.0,50396.0,53325.0,53546.0,54794.0,55616.0,54624.0,59583.0,68344.0,63549.0,65274.0,69297.0
80011,City of Fort Collins - Transfort,Fort Collins,CO,"Fort Collins, CO",30628,117.98,326332,64397.0,64308.0,66642.0,64057.0,67746.0,74094.0,74781.0,79640.0,83440.0,92148.0,94227.0,92401.0,94290.0,91475.0,106762.0,114426.0,111350.0,114954.0,96583.0,101523.0,97762.0,97983.0,96512.0,120875.0,137071.0,143942.0,147605.0,150075.0,150555.0
90001,Regional Transportation Commission of Washoe County (RTC),Reno,NV,"Reno, NV--CA",74179,165.43,446529,242977.0,304107.0,326748.0,321808.0,330307.0,304632.0,287947.0,302108.0,300661.0,314482.0,329762.0,333674.0,333196.0,335601.0,355490.0,365450.0,382972.0,382949.0,351286.0,325598.0,345514.0,351402.0,343775.0,365298.0,364248.0,373484.0,386249.0,413518.0,435123.0
90003,San Francisco Bay Area Rapid Transit District (BART),Oakland,CA,"San Francisco--Oakland, CA",78904,513.8,3515933,1344927.0,1399920.0,1314889.0,1332333.0,1368552.0,1436968.0,1510845.0,1580684.0,1524974.0,1535442.0,1596623.0,1552289.0,1637646.0,1841928.0,1774664.0,1820202.0,1958697.0,1940391.0,1941650.0,1780165.0,1774548.0,1813621.0,1821197.0,1803171.0,1918443.0,2052842.0,2163933.0,2211483.0,2286795.0
90009,San Mateo County Transit District (SMCTD),San Carlos,CA,"San Francisco--Oakland, CA",78904,513.8,3515933,636763.0,657325.0,664211.0,693326.0,714775.0,712658.0,680498.0,701461.0,724712.0,744422.0,775003.0,832166.0,909032.0,880189.0,877422.0,868205.0,865410.0,858136.0,863589.0,798515.0,774819.0,771109.0,665750.0,690658.0,702074.0,731625.0,844042.0,841043.0,846321.0
90014,Alameda-Contra Costa Transit District,Oakland,CA,"San Francisco--Oakland, CA",78904,513.8,3515933,1758329.0,1908955.0,1858197.0,1835621.0,1836099.0,1773120.0,1620811.0,1643845.0,1665676.0,1811642.0,1952882.0,2012263.0,2048358.0,1914548.0,1800085.0,1817463.0,2077127.0,2245689.0,2288146.0,2255889.0,2097023.0,2027970.0,2039414.0,2059059.0,2113557.0,2222174.0,2367804.0,2460285.0,2486382.0
90015,City and County of San Francisco (SFMTA) - Transit Division,San Francisco,CA,"San Francisco--Oakland, CA",78904,513.8,3515933,3067908.0,3021614.0,2981369.0,2938270.0,2848014.0,2900177.0,2914969.0,2929536.0,3012684.0,3081162.0,3068267.0,3301665.0,3314910.0,3273217.0,3198758.0,3030934.0,3027807.0,3506621.0,3519518.0,3469321.0,3373287.0,3386524.0,3458132.0,3382726.0,3458751.0,3681698.0,3885640.0,3780875.0,3555053.0
90016,"Golden Gate Bridge, Highway and Transportation District (GGBHTD) - Golden Gate Transit; Golden Gate Ferry",San Francisco,CA,"San Francisco--Oakland, CA",78904,513.8,3515933,422686.0,443906.0,435781.0,444373.0,440109.0,475813.0,501647.0,494424.0,487360.0,475416.0,486105.0,499769.0,492061.0,444685.0,405584.0,403149.0,405404.0,415240.0,424400.0,419368.0,410958.0,404903.0,423568.0,337686.0,266331.0,286342.0,284823.0,287290.0,279696.0
90134,Peninsula Corridor Joint Powers Board (PCJPB),San Carlos,CA,"San Francisco--Oakland, CA",78904,513.8,3515933,87126.0,87972.0,110984.0,112310.0,113453.0,115724.0,118462.0,127307.0,130038.0,133064.0,156859.0,188812.0,238879.0,237987.0,228887.0,234214.0,248192.0,302199.0,311825.0,302328.0,303055.0,303087.0,238535.0,246860.0,246147.0,254914.0,271359.0,268716.0,262574.0
90004,Golden Empire Transit District (GET),Bakersfield,CA,"Bakersfield, CA",04681,132.12,570235,169392.0,173838.0,180900.0,189540.0,190894.0,196642.0,198892.0,204505.0,217298.0,246412.0,273234.0,285026.0,285826.0,293105.0,291601.0,299574.0,303825.0,305421.0,317996.0,330547.0,330249.0,326744.0,324960.0,328044.0,297104.0,339390.0,345730.0,342225.0,342584.0
90006,Santa Cruz Metropolitan Transit District (SCMTD),Santa Cruz,CA,"Santa Cruz, CA",79336,60.45,169038,253170.0,222612.0,226637.0,220583.0,218401.0,228199.0,240116.0,249021.0,273527.0,290293.0,301094.0,316768.0,284138.0,273657.0,257012.0,237877.0,265272.0,272648.0,267990.0,259084.0,261099.0,250133.0,262229.0,272923.0,274343.0,270373.0,246440.0,251643.0,252152.0
90008,City of Santa Monica (BBB) - Department of Transportation,Santa Monica,CA,"Los Angeles--Long Beach--Anaheim, CA",51445,1636.83,12237376,282021.0,287608.0,284847.0,285317.0,283402.0,285539.0,293119.0,336528.0,366632.0,397018.0,445381.0,447392.0,465189.0,463496.0,459773.0,465618.0,467442.0,481701.0,507563.0,514730.0,508213.0,514294.0,511945.0,497829.0,509539.0,535904.0,562320.0,571160.0,566128.0
90010,City of Torrance (TTS) - Transit Department,Torrance,CA,"Los Angeles--Long Beach--Anaheim, CA",51445,1636.83,12237376,143155.0,151533.0,171042.0,178670.0,178349.0,189178.0,189077.0,184532.0,182757.0,179191.0,178117.0,183222.0,182646.0,188699.0,193446.0,182242.0,180187.0,180222.0,181500.0,182483.0,185082.0,181118.0,180112.0,143727.0,143229.0,139874.0,174910.0,183132.0,174464.0
90022,City of Norwalk (NTS) - Department of Transportation,Norwalk,CA,"Los Angeles--Long Beach--Anaheim, CA",51445,1636.83,12237376,65744.0,66065.0,50274.0,45898.0,45489.0,54388.0,56267.0,56846.0,59020.0,63982.0,73451.0,74136.0,81835.0,89719.0,93090.0,121696.0,117085.0,122173.0,111916.0,104307.0,102833.0,93205.0,82054.0,80688.0,82489.0,82733.0,102198.0,101137.0,102003.0
90023,Long Beach Transit (LBT),Long Beach,CA,"Los Angeles--Long Beach--Anaheim, CA",51445,1636.83,12237376,579761.0,615053.0,608319.0,636355.0,614578.0,618829.0,651337.0,651169.0,668533.0,665558.0,661231.0,661420.0,670903.0,698956.0,708125.0,690297.0,686782.0,687796.0,689652.0,687644.0,672427.0,675127.0,675732.0,690437.0,711508.0,735733.0,733126.0,737437.0,748552.0
90036,Orange County Transportation Authority (OCTA),Orange,CA,"Los Angeles--Long Beach--Anaheim, CA",51445,1636.83,12237376,1477672.0,1673106.0,1624950.0,1461601.0,1231087.0,1376519.0,1351978.0,1378132.0,1408954.0,1388674.0,1463853.0,2098244.0,2250500.0,2385084.0,2445317.0,2430281.0,2523316.0,2680018.0,2689936.0,2471032.0,2367267.0,2399705.0,2445056.0,2529217.0,2580968.0,2606869.0,2591315.0,2590593.0,2638126.0
90039,City of Culver City - Transportation Department,Culver City,CA,"Los Angeles--Long Beach--Anaheim, CA",51445,1636.83,12237376,83640.0,87681.0,87273.0,86995.0,87806.0,92309.0,101175.0,100247.0,108728.0,111285.0,125853.0,124926.0,124220.0,135252.0,134250.0,130489.0,135073.0,135528.0,139227.0,144022.0,146737.0,145727.0,151065.0,151884.0,156076.0,166088.0,166604.0,169516.0,171837.0
90041,City of Montebello (MBL) - Transportation,Montebello,CA,"Los Angeles--Long Beach--Anaheim, CA",51445,1636.83,12237376,147724.0,146432.0,144978.0,147294.0,144963.0,144361.0,146837.0,158463.0,170900.0,186584.0,218336.0,231542.0,252763.0,262395.0,258158.0,257134.0,257240.0,255149.0,253570.0,242531.0,240700.0,246936.0,238120.0,239923.0,238521.0,247026.0,240294.0,239440.0,240943.0
90042,City of Gardena - Transportation,Gardena,CA,"Los Angeles--Long Beach--Anaheim, CA",51445,1636.83,12237376,104462.0,110655.0,114248.0,113609.0,113355.0,112839.0,111667.0,112483.0,118946.0,123816.0,124521.0,124395.0,124673.0,125480.0,125358.0,125523.0,127881.0,129368.0,126786.0,126351.0,121804.0,125967.0,137848.0,142142.0,141880.0,142491.0,145488.0,145648.0,145601.0
90043,City of Commerce (CCT) - Transportation,Commerce,CA,"Los Angeles--Long Beach--Anaheim, CA",51445,1636.83,12237376,17473.0,19845.0,21198.0,21257.0,20979.0,21214.0,21502.0,21815.0,21756.0,22052.0,21791.0,22015.0,21884.0,22353.0,23596.0,22527.0,22412.0,22230.0,22329.0,24347.0,24298.0,23598.0,29829.0,30724.0,31348.0,34506.0,35041.0,38103.0,41567.0
90012,San Joaquin Regional Transit District (RTD),Stockton,CA,"Stockton, CA",85087,92.46,414847,166248.0,198748.0,183398.0,164928.0,193078.0,191246.0,203146.0,206271.0,203686.0,221496.0,243126.0,282055.0,287541.0,294674.0,283141.0,281834.0,288425.0,300153.0,273675.0,247555.0,228402.0,201560.0,198383.0,194988.0,193959.0,197013.0,191938.0,187101.0,217057.0
90013,Santa Clara Valley Transportation Authority (VTA),San Jose,CA,"San Jose, CA",79039,285.48,1837446,1507926.0,1539284.0,1424292.0,1503066.0,1492614.0,1387454.0,1426963.0,1495731.0,1601813.0,1681468.0,1696583.0,2321341.0,2029277.0,1805495.0,1774156.0,1878242.0,1929855.0,1946206.0,1936721.0,1799004.0,1687944.0,1700750.0,1714926.0,1767271.0,1822043.0,1909966.0,1910753.0,1924590.0,1942415.0
90017,City of Santa Rosa - Transit Division,Santa Rosa,CA,"Santa Rosa, CA",79498,79.39,297329,62653.0,64173.0,80728.0,82169.0,80629.0,83681.0,77366.0,76924.0,69504.0,78217.0,86558.0,94464.0,100132.0,99887.0,100331.0,99638.0,106810.0,104749.0,113607.0,112143.0,112918.0,112914.0,109654.0,103541.0,103411.0,100190.0,101578.0,106443.0,101527.0
90089,County of Sonoma (SCT) - Department of Public Infrastructure - Transit Division,Santa Rosa,CA,"Santa Rosa, CA",79498,79.39,297329,63674.0,72888.0,74980.0,77942.0,80067.0,90708.0,90977.0,96674.0,101965.0,106598.0,110505.0,103240.0,106995.0,119497.0,122971.0,126652.0,125117.0,126766.0,127199.0,108702.0,115817.0,121129.0,119419.0,120563.0,118051.0,126534.0,131536.0,130524.0,133298.0
90019,Sacramento Regional Transit District,Sacramento,CA,"Sacramento, CA",77068,467.58,1946618,560452.0,579240.0,645073.0,700952.0,712360.0,736000.0,768838.0,795365.0,804489.0,850502.0,824765.0,849478.0,866305.0,1013959.0,1119374.0,1083435.0,1083255.0,1084396.0,1035593.0,1005006.0,692300.0,701735.0,751850.0,770327.0,771775.0,803667.0,807447.0,807817.0,824189.0
90090,Yolo County Transportation District (YCTD),Woodland,CA,"Sacramento, CA",77068,467.58,1946618,22826.0,23935.0,24820.0,26244.0,30048.0,28581.0,27959.0,39110.0,40559.0,68595.0,75787.0,68866.0,70073.0,73258.0,81113.0,84462.0,99083.0,103882.0,116790.0,117120.0,112510.0,113329.0,114506.0,116061.0,115776.0,118173.0,118051.0,117899.0,117386.0
90020,Santa Barbara Metropolitan Transit District (SBMTD),Santa Barbara,CA,"Santa Barbara, CA",79282,54.81,202197,177491.0,166411.0,163247.0,166837.0,166062.0,169599.0,169315.0,167247.0,168141.0,166533.0,170462.0,180989.0,190786.0,191466.0,194882.0,205848.0,218473.0,237206.0,237183.0,237932.0,238745.0,232202.0,224451.0,201084.0,206609.0,211044.0,218026.0,219011.0,219864.0
90026,San Diego Metropolitan Transit System (MTS),San Diego,CA,"San Diego, CA",78661,674.72,3070300,946244.0,1078358.0,1063018.0,1116402.0,1077725.0,1034985.0,1026105.0,1055352.0,1080933.0,1111817.0,1061059.0,1067159.0,913322.0,851440.0,829742.0,840408.0,2281120.0,2328688.0,2238666.0,2176734.0,2103231.0,2117576.0,2219393.0,2297131.0,2414143.0,2569421.0,2581544.0,2554405.0,2615111.0
90030,North County Transit District (NCTD),Oceanside,CA,"San Diego, CA",78661,674.72,3070300,498205.0,519236.0,525021.0,525343.0,542511.0,556647.0,547123.0,558305.0,539356.0,556655.0,557255.0,569248.0,580750.0,588550.0,586731.0,589483.0,597144.0,582983.0,544578.0,507361.0,495661.0,519721.0,575534.0,584207.0,650033.0,652737.0,670474.0,647756.0,606598.0
90095,San Diego Association of Governments (SANDAG) - Regional Transportation Services,San Diego,CA,"San Diego, CA",78661,674.72,3070300,509894.0,543520.0,535721.0,432975.0,429125.0,576664.0,682079.0,761799.0,434652.0,455908.0,82164.0,106243.0,136203.0,182626.0,254745.0,269825.0,346406.0,278208.0,307915.0,355603.0,351448.0,392295.0,369127.0,400388.0,376972.0,404722.0,452154.0,435874.0,395092.0
90027,City of Fresno (FAX) - Department of Transportation,Fresno,CA,"Fresno, CA",31843,159.11,717589,239425.0,268820.0,247058.0,250763.0,261253.0,258049.0,257709.0,261704.0,283010.0,340113.0,348613.0,355153.0,362566.0,374616.0,416479.0,435905.0,456041.0,509974.0,477127.0,493661.0,430069.0,423682.0,420972.0,424506.0,429036.0,426165.0,439025.0,478911.0,506983.0
90029,Omnitrans,San Bernardino,CA,"Riverside--San Bernardino, CA",75340,608.56,2276703,412480.0,454262.0,457554.0,509348.0,547209.0,567573.0,596800.0,628987.0,648020.0,696049.0,736895.0,802021.0,806189.0,819756.0,831555.0,859178.0,824419.0,792387.0,802688.0,806743.0,783012.0,796025.0,798074.0,793095.0,821648.0,805732.0,832314.0,830283.0,832952.0
90031,Riverside Transit Agency (RTA),Riverside,CA,"Riverside--San Bernardino, CA",75340,608.56,2276703,193308.0,222227.0,258164.0,279083.0,297717.0,307890.0,311311.0,333347.0,359367.0,405321.0,447369.0,476999.0,517460.0,598500.0,605421.0,602583.0,625297.0,666440.0,685317.0,624239.0,600356.0,630493.0,673855.0,698810.0,734211.0,787977.0,833397.0,871286.0,880027.0
90086,"City of Riverside - Parks, Recreation & Community Services / Special Transportation",Riverside,CA,"Riverside--San Bernardino, CA",75340,608.56,2276703,23480.0,24174.0,23652.0,35256.0,34508.0,32188.0,31622.0,34071.0,31714.0,34309.0,33126.0,35030.0,37969.0,38788.0,36503.0,36738.0,34116.0,32655.0,40826.0,41995.0,43236.0,46898.0,50365.0,49831.0,47105.0,47939.0,45464.0,45473.0,42559.0
90032,City of Phoenix - Public Transit,Phoenix,AZ,"Phoenix--Mesa--Scottsdale, AZ",69184,1110.48,3976313,145370.0,143583.0,195521.0,914849.0,926324.0,930399.0,923065.0,1020489.0,918913.0,950593.0,1059683.0,1248672.0,1431785.0,1466767.0,1658164.0,1661941.0,1716471.0,1929481.0,1906294.0,1810853.0,1572400.0,1574593.0,1591976.0,1623075.0,1567887.0,1533974.0,1955813.0,1946636.0,2013579.0
90034,City of Glendale (COG) - Transit/Transportation,Glendale,AZ,"Phoenix--Mesa--Scottsdale, AZ",69184,1110.48,3976313,21689.0,19925.0,17446.0,18118.0,17569.0,18300.0,19079.0,19621.0,26336.0,29243.0,31268.0,33962.0,36773.0,40921.0,45795.0,48111.0,48903.0,43759.0,42635.0,42281.0,43640.0,43465.0,37473.0,36494.0,36887.0,36034.0,34580.0,33992.0,33452.0
90136,Regional Public Transportation Authority (RPTA),Phoenix,AZ,"Phoenix--Mesa--Scottsdale, AZ",69184,1110.48,3976313,64100.0,69291.0,90017.0,104993.0,191887.0,195588.0,292905.0,261501.0,290959.0,319032.0,319266.0,0.0,372169.0,347698.0,510728.0,428275.0,486495.0,580943.0,589606.0,588830.0,539531.0,592507.0,559712.0,1029933.0,1039038.0,1071840.0,1144519.0,1495143.0,1515715.0
90140,City of Peoria - Transit,Peoria,AZ,"Phoenix--Mesa--Scottsdale, AZ",69184,1110.48,3976313,5250.0,5353.0,5487.0,5460.0,5796.0,6804.0,7056.0,9279.0,7308.0,8568.0,10080.0,9576.0,9072.0,7422.0,7501.0,9087.0,11662.0,12136.0,14681.0,13218.0,9831.0,7621.0,7863.0,6904.0,6850.0,7318.0,7758.0,7688.0,8807.0
90033,City of Tucson (COT) - Department of Transportation & Mobility / Transit Services Division,Tucson,AZ,"Tucson, AZ",88732,357.35,875441,536854.0,576126.0,588081.0,616164.0,626617.0,698274.0,653893.0,652223.0,669931.0,680326.0,666545.0,660775.0,688363.0,718466.0,754785.0,786533.0,799475.0,836260.0,846154.0,849485.0,887532.0,903166.0,919215.0,941815.0,962890.0,908366.0,989158.0,1017204.0,982515.0
90035,Gold Coast Transit District (GCTD),Oxnard,CA,"Oxnard--San Buenaventura (Ventura), CA",66673,76.61,376117,93140.0,113256.0,109041.0,111669.0,112866.0,114433.0,118167.0,121985.0,120632.0,141067.0,147408.0,153845.0,162052.0,173373.0,166831.0,170084.0,171771.0,175693.0,178269.0,188306.0,177941.0,198015.0,212067.0,233486.0,236596.0,244791.0,252724.0,256338.0,252135.0
90062,Monterey-Salinas Transit (MST),Monterey,CA,"Seaside--Monterey--Pacific Grove, CA",80362,41.18,123495,150178.0,153011.0,149315.0,151824.0,158283.0,162112.0,180909.0,181668.0,187254.0,223941.0,235305.0,240599.0,249828.0,225217.0,233051.0,234031.0,245739.0,264852.0,283546.0,297359.0,311452.0,322748.0,295776.0,292792.0,326998.0,360007.0,354359.0,384691.0,371548.0
90078,Central Contra Costa Transit Authority (CCCTA),Concord,CA,"Concord--Walnut Creek, CA",19504,175.76,538583,276304.0,295387.0,294048.0,299442.0,303560.0,291401.0,292190.0,299417.0,323112.0,328501.0,346013.0,363291.0,380494.0,364239.0,338852.0,324202.0,342187.0,364278.0,353779.0,299812.0,289907.0,286448.0,287717.0,296947.0,295037.0,303708.0,290377.0,298453.0,308206.0
90079,SunLine Transit Agency,Thousand Palms,CA,"Indio--Palm Desert--Palm Springs, CA",41347,151.82,361075,142497.0,157642.0,149765.0,142341.0,126410.0,124525.0,125036.0,137953.0,143583.0,171517.0,179185.0,192809.0,194058.0,197652.0,187121.0,181320.0,187916.0,202585.0,234089.0,231792.0,240779.0,246513.0,253233.0,271414.0,284954.0,295707.0,307317.0,303329.0,299655.0
90087,City of Santa Maria (SMRT),Santa Maria,CA,"Santa Maria, CA",79417,27.06,143609,22488.0,22428.0,24134.0,29600.0,30551.0,30807.0,33930.0,28164.0,28326.0,32691.0,33270.0,36771.0,40548.0,40788.0,42346.0,49272.0,59755.0,58884.0,59597.0,62111.0,70152.0,77568.0,73607.0,66654.0,69633.0,69391.0,68491.0,65629.0,64626.0
90091,City of Visalia (VT) - Transportation ,Visalia,CA,"Visalia, CA",90946,37.7,160578,33724.0,36363.0,37057.0,37197.0,43447.0,44812.0,53140.0,54846.0,59186.0,63285.0,65466.0,65595.0,71938.0,67048.0,86697.0,89788.0,91835.0,102649.0,109668.0,119368.0,126126.0,124258.0,125201.0,129117.0,127601.0,132834.0,148611.0,148578.0,144420.0
90092,"City of Fairfield, California - Transportation Division/Public Works Department",Fairfield,CA,"Fairfield, CA",28657,40.81,150122,24854.0,27505.0,37253.0,41811.0,44049.0,45896.0,51196.0,50440.0,51306.0,52479.0,55040.0,55926.0,56830.0,61972.0,76014.0,79634.0,91298.0,94991.0,94196.0,97696.0,96012.0,92915.0,91624.0,92151.0,93477.0,95923.0,98741.0,96781.0,98364.0
